sifra,tip,stanica,datum_vrijeme,T,vlaga,RR,vjetar,smjer_kod,udar,insolacija,pritisak
02BAR010,glavna,Bar,17.08.2026 11:50,28.30,,0.00,2.30,22,,789.6,1012.1
02BERA20,glavna,Berane,17.08.2026 11:00,26.84,,0.00,1.40,24,2.70,,935.37
02CTNJ10,glavna,Cetinje,17.08.2026 11:50,29.40,,0.00,0.60,8,,826.6,940.6
02HNOV10,glavna,Herceg Novi,17.08.2026 11:50,29.30,,0.00,0.60,10,,804.2,1007.8
02KOLS10,glavna,Kolašin,17.08.2026 11:50,28.20,,0.00,0.50,22,,827.2,908.0
02NIKS10,glavna,Nikšić,17.08.2026 11:50,30.30,,0.00,3.40,16,,854.6,939.5
02PDGR10,glavna,Podgorica,17.08.2026 11:50,31.00,,0.00,2.80,16,,800.8,1005.6
02PLJV10,glavna,Pljevlja,17.08.2026 11:50,29.00,,0.00,1.60,18,,827.4,924.2
02ULCN10,glavna,Ulcinj,17.08.2026 11:50,29.00,,0.00,3.90,16,,826.0,1012.2
02ZBLJ10,glavna,Žabljak,17.08.2026 11:50,25.40,,0.00,0.80,30,,902.4,856.2
02BIST20,klimatološka,Bistrica,17.08.2026 11:00,26.60,,0.00,1.50,28,2.80,,
02BOAN30,klimatološka,Boan,17.08.2026 11:00,27.22,,,,,,,
02BPLJ20,klimatološka,Bijelo Polje,17.08.2026 11:00,25.32,,,,,,,
02BUDV20,klimatološka,Budva,17.08.2026 11:00,27.98,,,,,,,
02CRKV30,klimatološka,Crkvice,17.08.2026 11:00,25.29,,,,,,,
02DANL20,klimatološka,Danilovgrad,17.08.2026 11:00,30.60,,,,,,,
02DDOB30,klimatološka,Donja Dobrilovina,17.08.2026 11:00,25.41,,,,,,,
02GOBU30,klimatološka,Gornja Bukovica,17.08.2026 11:00,24.82,,,,,,,
02GRAD30,klimatološka,Gradac,17.08.2026 11:00,27.34,,,,,,,
02IVKO30,klimatološka,Ivanova korita,17.08.2026 11:00,23.56,,0.00,,,,,
02KOSA30,klimatološka,Kosanica,17.08.2026 11:00,26.36,,,,,,,
02KOVR30,klimatološka,Kovren,17.08.2026 10:00,21.76,,0.00,,,,,
02KUKO30,klimatološka,Kučka korita,17.08.2026 11:00,22.39,,0.00,,,,,
02LKOT20,klimatološka,Luka Kotor,17.08.2026 11:21,29.70,,,0.60,,2.60,,
02MAMO30,klimatološka,Manastir Morača,17.08.2026 11:00,31.42,,,,,,,
02MATE30,klimatološka,Matesevo,17.08.2026 11:00,26.85,,0.00,,,,,
02MOKR30,klimatološka,Mokro,17.08.2026 11:00,26.13,,,,,,,
02NJGV30,klimatološka,Njegovuđa,17.08.2026 11:00,24.90,,,,,,,
02PLZN20,klimatološka,Pluzine,17.08.2026 08:00,16.40,,0.00,0.00,32,0.60,,
02POSC30,klimatološka,Pošćenje,17.08.2026 11:00,27.72,,,,,,,
02STAB30,klimatološka,Stabna,17.08.2026 11:00,27.13,,,,,,,
02STIT30,klimatološka,Štitarica,17.08.2026 11:00,26.76,,,,,,,
02UBLI20,klimatološka,Ubli,17.08.2026 11:00,27.43,,,,,,,
02VELK30,klimatološka,Velika,17.08.2026 11:00,29.99,,,,,,,
02VELM20,klimatološka,Velimlje,17.08.2026 11:00,28.60,,0.00,3.10,22,4.90,,
02VIRP20,klimatološka,Virpazar,17.08.2026 11:00,29.30,,0.00,,,,,
02BAR010,glavna,Bar,17.08.2026 12:20,28.20,,0.00,2.50,22,,807.2,1012.0
02BERA20,glavna,Berane,17.08.2026 12:00,29.43,,0.00,1.40,12,3.30,,934.65
02CTNJ10,glavna,Cetinje,17.08.2026 12:20,29.40,,0.00,0.40,10,,863.3,940.4
02HNOV10,glavna,Herceg Novi,17.08.2026 12:20,29.60,,0.00,1.60,10,,836.0,1007.7
02KOLS10,glavna,Kolašin,17.08.2026 12:20,28.80,,0.00,1.90,24,,848.8,907.8
02NIKS10,glavna,Nikšić,17.08.2026 12:20,30.10,,0.00,5.20,14,,888.9,939.2
02PDGR10,glavna,Podgorica,17.08.2026 12:20,31.60,,0.00,5.20,16,6.30,829.1,1005.3
02PLJV10,glavna,Pljevlja,17.08.2026 12:20,30.50,,0.00,3.40,18,,864.5,923.8
02ULCN10,glavna,Ulcinj,17.08.2026 12:20,29.30,,0.00,3.50,20,,857.8,1012.0
02ZBLJ10,glavna,Žabljak,17.08.2026 12:20,24.80,,0.00,2.90,22,,649.5,856.0
02BIST20,klimatološka,Bistrica,17.08.2026 12:00,29.50,,0.00,2.30,4,6.20,,
02BOAN30,klimatološka,Boan,17.08.2026 12:00,29.75,,,,,,,
02BPLJ20,klimatološka,Bijelo Polje,17.08.2026 12:00,27.92,,,,,,,
02BUDV20,klimatološka,Budva,17.08.2026 12:00,28.59,,,,,,,
02CRKV30,klimatološka,Crkvice,17.08.2026 12:00,25.95,,,,,,,
02DANL20,klimatološka,Danilovgrad,17.08.2026 12:00,32.90,,,,,,,
02DDOB30,klimatološka,Donja Dobrilovina,17.08.2026 12:00,29.98,,,,,,,
02GOBU30,klimatološka,Gornja Bukovica,17.08.2026 12:00,25.55,,,,,,,
02GRAD30,klimatološka,Gradac,17.08.2026 12:00,31.67,,,,,,,
02IVKO30,klimatološka,Ivanova korita,17.08.2026 12:00,24.73,,0.00,,,,,
02KOSA30,klimatološka,Kosanica,17.08.2026 12:00,27.89,,,,,,,
02KOVR30,klimatološka,Kovren,17.08.2026 12:00,28.37,,0.00,,,,,
02LKOT20,klimatološka,Luka Kotor,17.08.2026 11:51,29.40,,,1.90,,3.90,,
02MAMO30,klimatološka,Manastir Morača,17.08.2026 12:00,32.27,,,,,,,
02MATE30,klimatološka,Matesevo,17.08.2026 12:00,28.22,,0.00,,,,,
02MOKR30,klimatološka,Mokro,17.08.2026 12:00,27.76,,,,,,,
02NJGV30,klimatološka,Njegovuđa,17.08.2026 12:00,25.23,,,,,,,
02POSC30,klimatološka,Pošćenje,17.08.2026 12:00,30.71,,,,,,,
02STAB30,klimatološka,Stabna,17.08.2026 12:00,30.97,,,,,,,
02STIT30,klimatološka,Štitarica,17.08.2026 12:00,28.06,,,,,,,
02UBLI20,klimatološka,Ubli,17.08.2026 12:00,28.74,,,,,,,
02VELK30,klimatološka,Velika,17.08.2026 12:00,30.24,,,,,,,
02VELM20,klimatološka,Velimlje,17.08.2026 12:00,29.50,,0.00,3.40,24,5.40,,
02VIRP20,klimatološka,Virpazar,17.08.2026 12:00,29.60,,0.00,,,,,
02LKOT20,klimatološka,Luka Kotor,17.08.2026 11:56,29.30,,,1.80,,3.90,,
02BAR010,glavna,Bar,17.08.2026 12:50,28.30,,0.00,2.80,22,,816.3,1011.7
02CTNJ10,glavna,Cetinje,17.08.2026 12:50,30.00,,0.00,0.80,8,,844.2,940.1
02HNOV10,glavna,Herceg Novi,17.08.2026 12:50,30.00,,0.00,0.90,10,,856.1,1007.4
02KOLS10,glavna,Kolašin,17.08.2026 12:50,28.70,,0.00,0.70,20,,871.3,907.5
02NIKS10,glavna,Nikšić,17.08.2026 12:50,30.10,,0.00,7.20,14,,882.3,938.9
02PDGR10,glavna,Podgorica,17.08.2026 12:50,32.30,,0.00,4.20,16,,839.3,1004.9
02PLJV10,glavna,Pljevlja,17.08.2026 12:50,31.60,,0.00,2.30,16,,872.8,923.5
02ULCN10,glavna,Ulcinj,17.08.2026 12:50,29.70,,0.00,2.00,20,,874.4,1011.8
02ZBLJ10,glavna,Žabljak,17.08.2026 12:50,25.10,,0.00,0.80,30,,183.5,855.9
02LKOT20,klimatološka,Luka Kotor,17.08.2026 12:21,30.00,,,0.90,,3.70,,
02BAR010,glavna,Bar,17.08.2026 13:40,27.90,,0.00,2.90,22,,814.5,1011.4
02BERA20,glavna,Berane,17.08.2026 13:00,31.36,,0.00,1.10,12,2.60,,933.95
02CTNJ10,glavna,Cetinje,17.08.2026 13:40,30.50,,0.00,0.30,8,,763.0,939.6
02HNOV10,glavna,Herceg Novi,17.08.2026 13:40,29.40,,0.00,1.60,8,,522.7,1007.3
02KOLS10,glavna,Kolašin,17.08.2026 13:40,29.50,,0.00,1.40,24,,605.2,907.2
02NIKS10,glavna,Nikšić,17.08.2026 13:40,30.00,,0.00,6.60,14,,872.8,938.4
02PDGR10,glavna,Podgorica,17.08.2026 13:40,33.60,,0.00,3.70,18,,834.2,1004.3
02PLJV10,glavna,Pljevlja,17.08.2026 13:40,32.30,,0.00,2.70,4,,857.3,923.0
02ULCN10,glavna,Ulcinj,17.08.2026 13:40,29.70,,0.00,3.60,20,,856.1,1011.3
02ZBLJ10,glavna,Žabljak,17.08.2026 13:40,24.50,,0.00,0.80,22,,171.4,855.6
02BIST20,klimatološka,Bistrica,17.08.2026 13:00,30.70,,0.00,1.10,16,2.00,,
02BOAN30,klimatološka,Boan,17.08.2026 13:00,30.97,,,,,,,
02BPLJ20,klimatološka,Bijelo Polje,17.08.2026 13:00,29.60,,,,,,,
02BUDV20,klimatološka,Budva,17.08.2026 13:00,29.11,,,,,,,
02CRKV30,klimatološka,Crkvice,17.08.2026 13:00,24.46,,,,,,,
02DANL20,klimatološka,Danilovgrad,17.08.2026 13:00,34.60,,,,,,,
02DDOB30,klimatološka,Donja Dobrilovina,17.08.2026 13:00,31.00,,,,,,,
02GOBU30,klimatološka,Gornja Bukovica,17.08.2026 13:00,25.93,,,,,,,
02GRAD30,klimatološka,Gradac,17.08.2026 13:00,33.32,,,,,,,
02IVKO30,klimatološka,Ivanova korita,17.08.2026 13:00,24.91,,0.00,,,,,
02KOSA30,klimatološka,Kosanica,17.08.2026 13:00,26.22,,,,,,,
02KOVR30,klimatološka,Kovren,17.08.2026 13:00,29.41,,0.00,,,,,
02KUKO30,klimatološka,Kučka korita,17.08.2026 13:00,23.24,,0.00,,,,,
02LKOT20,klimatološka,Luka Kotor,17.08.2026 13:16,29.80,,,1.80,,6.20,,
02MAMO30,klimatološka,Manastir Morača,17.08.2026 13:00,34.35,,,,,,,
02MATE30,klimatološka,Matesevo,17.08.2026 13:00,28.38,,0.00,,,,,
02MOKR30,klimatološka,Mokro,17.08.2026 13:00,28.47,,,,,,,
02NJGV30,klimatološka,Njegovuđa,17.08.2026 13:00,25.40,,,,,,,
02PLZN20,klimatološka,Pluzine,17.08.2026 13:00,32.50,,0.00,1.90,26,5.30,,
02POSC30,klimatološka,Pošćenje,17.08.2026 13:00,31.56,,,,,,,
02STAB30,klimatološka,Stabna,17.08.2026 13:00,31.83,,,,,,,
02STIT30,klimatološka,Štitarica,17.08.2026 13:00,27.30,,,,,,,
02UBLI20,klimatološka,Ubli,17.08.2026 13:00,29.76,,,,,,,
02VELK30,klimatološka,Velika,17.08.2026 13:00,31.21,,,,,,,
02VELM20,klimatološka,Velimlje,17.08.2026 13:00,30.80,,0.00,5.20,26,8.20,,
02VIRP20,klimatološka,Virpazar,17.08.2026 13:00,32.70,,0.00,,,,,
02BAR010,glavna,Bar,17.08.2026 15:40,29.60,,0.00,1.30,22,,638.8,1010.3
02BERA20,glavna,Berane,17.08.2026 15:00,32.67,,0.00,1.40,22,2.90,,932.78
02CTNJ10,glavna,Cetinje,17.08.2026 15:40,31.60,,0.00,3.10,22,7.20,646.2,938.6
02HNOV10,glavna,Herceg Novi,17.08.2026 15:40,30.00,,0.00,2.80,8,,627.5,1006.0
02KOLS10,glavna,Kolašin,17.08.2026 15:40,24.80,,0.00,1.40,32,,513.3,906.8
02NIKS10,glavna,Nikšić,17.08.2026 15:40,29.40,,0.00,5.60,14,,326.8,937.6
02PDGR10,glavna,Podgorica,17.08.2026 15:40,34.20,,0.00,6.50,16,8.40,619.6,1003.1
02PLJV10,glavna,Pljevlja,17.08.2026 15:40,33.10,,0.00,3.80,18,,645.9,921.6
02ULCN10,glavna,Ulcinj,17.08.2026 15:40,29.20,,0.00,5.10,22,,664.6,1010.3
02ZBLJ10,glavna,Žabljak,17.08.2026 15:40,27.00,,0.00,5.70,22,8.60,751.8,854.6
02BIST20,klimatološka,Bistrica,17.08.2026 15:00,30.60,,0.00,2.80,14,5.10,,
02BOAN30,klimatološka,Boan,17.08.2026 15:00,30.18,,,,,,,
02BPLJ20,klimatološka,Bijelo Polje,17.08.2026 15:00,32.93,,,,,,,
02BUDV20,klimatološka,Budva,17.08.2026 15:00,28.95,,,,,,,
02CRKV30,klimatološka,Crkvice,17.08.2026 15:00,23.43,,,,,,,
02DANL20,klimatološka,Danilovgrad,17.08.2026 15:00,35.50,,,,,,,
02DDOB30,klimatološka,Donja Dobrilovina,17.08.2026 15:00,31.17,,,,,,,
02GOBU30,klimatološka,Gornja Bukovica,17.08.2026 15:00,26.74,,,,,,,
02GRAD30,klimatološka,Gradac,17.08.2026 15:00,32.47,,,,,,,
02IVKO30,klimatološka,Ivanova korita,17.08.2026 15:00,25.22,,0.00,,,,,
02KOSA30,klimatološka,Kosanica,17.08.2026 15:00,28.73,,,,,,,
02KOVR30,klimatološka,Kovren,17.08.2026 15:00,28.00,,0.00,,,,,
02KUKO30,klimatološka,Kučka korita,17.08.2026 15:00,24.81,,0.00,,,,,
02LKOT20,klimatološka,Luka Kotor,17.08.2026 15:16,29.90,,,1.30,,4.40,,
02MAMO30,klimatološka,Manastir Morača,17.08.2026 15:00,34.80,,,,,,,
02MATE30,klimatološka,Matesevo,17.08.2026 15:00,27.66,,0.00,,,,,
02MOKR30,klimatološka,Mokro,17.08.2026 15:00,28.67,,,,,,,
02NJGV30,klimatološka,Njegovuđa,17.08.2026 15:00,26.72,,,,,,,
02POSC30,klimatološka,Pošćenje,17.08.2026 15:00,30.97,,,,,,,
02STAB30,klimatološka,Stabna,17.08.2026 15:00,30.71,,,,,,,
02STIT30,klimatološka,Štitarica,17.08.2026 15:00,16.83,,,,,,,
02UBLI20,klimatološka,Ubli,17.08.2026 15:00,30.97,,,,,,,
02VELK30,klimatološka,Velika,17.08.2026 15:00,31.45,,,,,,,
02VELM20,klimatološka,Velimlje,17.08.2026 15:00,30.50,,0.00,4.90,24,8.10,,
02VIRP20,klimatološka,Virpazar,17.08.2026 15:00,32.00,,0.00,,,,,
02BAR010,glavna,Bar,17.08.2026 16:40,29.70,,0.00,2.90,24,,477.4,1009.6
02BERA20,glavna,Berane,17.08.2026 16:00,23.60,,0.00,2.80,24,6.60,,932.9
02CTNJ10,glavna,Cetinje,17.08.2026 16:40,30.50,,0.00,2.30,26,,473.9,938.2
02HNOV10,glavna,Herceg Novi,17.08.2026 16:40,31.00,,0.00,1.70,8,,459.1,1005.4
02KOLS10,glavna,Kolašin,17.08.2026 16:40,23.20,,0.00,1.20,4,,63.0,906.2
02NIKS10,glavna,Nikšić,17.08.2026 16:40,30.40,,0.00,0.80,2,,291.8,937.6
02PDGR10,glavna,Podgorica,17.08.2026 16:40,33.80,,0.00,5.10,16,,457.9,1002.5
02PLJV10,glavna,Pljevlja,17.08.2026 16:40,31.40,,0.00,1.40,18,,142.2,921.2
02ULCN10,glavna,Ulcinj,17.08.2026 16:40,29.10,,0.00,4.50,22,6.70,503.5,1009.6
02ZBLJ10,glavna,Žabljak,17.08.2026 16:40,24.70,,0.00,5.50,24,,172.0,854.4
02BIST20,klimatološka,Bistrica,17.08.2026 16:00,27.50,,0.00,3.30,2,5.60,,
02BOAN30,klimatološka,Boan,17.08.2026 16:00,28.62,,,,,,,
02BPLJ20,klimatološka,Bijelo Polje,17.08.2026 16:00,27.25,,,,,,,
02BUDV20,klimatološka,Budva,17.08.2026 16:00,28.72,,,,,,,
02CRKV30,klimatološka,Crkvice,17.08.2026 16:00,24.43,,,,,,,
02DANL20,klimatološka,Danilovgrad,17.08.2026 16:00,34.70,,,,,,,
02DDOB30,klimatološka,Donja Dobrilovina,17.08.2026 16:00,28.30,,,,,,,
02GOBU30,klimatološka,Gornja Bukovica,17.08.2026 16:00,27.52,,,,,,,
02GRAD30,klimatološka,Gradac,17.08.2026 16:00,33.14,,,,,,,
02IVKO30,klimatološka,Ivanova korita,17.08.2026 16:00,24.59,,0.00,,,,,
02KOSA30,klimatološka,Kosanica,17.08.2026 16:00,29.63,,,,,,,
02KOVR30,klimatološka,Kovren,17.08.2026 16:00,28.09,,0.00,,,,,
02KUKO30,klimatološka,Kučka korita,17.08.2026 16:00,24.79,,0.00,,,,,
02LKOT20,klimatološka,Luka Kotor,17.08.2026 16:16,29.50,,,2.10,,5.50,,
02MAMO30,klimatološka,Manastir Morača,17.08.2026 16:00,33.44,,,,,,,
02MATE30,klimatološka,Matesevo,17.08.2026 16:00,28.54,,0.00,,,,,
02MOKR30,klimatološka,Mokro,17.08.2026 16:00,25.07,,,,,,,
02NJGV30,klimatološka,Njegovuđa,17.08.2026 16:00,27.35,,,,,,,
02POSC30,klimatološka,Pošćenje,17.08.2026 16:00,25.97,,,,,,,
02STAB30,klimatološka,Stabna,17.08.2026 16:00,30.88,,,,,,,
02STIT30,klimatološka,Štitarica,17.08.2026 16:00,18.23,,,,,,,
02UBLI20,klimatološka,Ubli,17.08.2026 16:00,30.96,,,,,,,
02VELK30,klimatološka,Velika,17.08.2026 16:00,23.36,,,,,,,
02VELM20,klimatološka,Velimlje,17.08.2026 16:00,29.40,,0.00,4.70,24,7.20,,
02VIRP20,klimatološka,Virpazar,17.08.2026 16:00,32.40,,0.00,,,,,
02BAR010,glavna,Bar,17.08.2026 17:40,29.50,,0.00,1.80,26,,292.5,1010.0
02BERA20,glavna,Berane,17.08.2026 17:00,28.16,,0.00,1.90,20,4.40,,932.47
02CTNJ10,glavna,Cetinje,17.08.2026 17:40,29.10,,0.00,2.90,26,,296.2,938.6
02HNOV10,glavna,Herceg Novi,17.08.2026 17:40,30.90,,0.00,0.70,12,,282.3,1005.7
02KOLS10,glavna,Kolašin,17.08.2026 17:40,22.00,,0.00,0.20,2,,118.5,906.4
02NIKS10,glavna,Nikšić,17.08.2026 17:40,29.60,,0.00,4.00,18,,319.1,937.6
02PDGR10,glavna,Podgorica,17.08.2026 17:40,33.40,,0.00,6.40,16,,265.8,1002.9
02PLJV10,glavna,Pljevlja,17.08.2026 17:40,29.70,,0.00,0.70,18,,99.6,921.1
02ULCN10,glavna,Ulcinj,17.08.2026 17:40,28.40,,0.00,5.20,22,,308.1,1009.9
02ZBLJ10,glavna,Žabljak,17.08.2026 17:40,23.30,,0.00,3.10,22,,129.0,854.3
02BIST20,klimatološka,Bistrica,17.08.2026 17:00,25.20,,0.00,1.30,6,3.10,,
02BOAN30,klimatološka,Boan,17.08.2026 17:00,24.85,,,,,,,
02BPLJ20,klimatološka,Bijelo Polje,17.08.2026 17:00,28.27,,,,,,,
02BUDV20,klimatološka,Budva,17.08.2026 17:00,29.31,,,,,,,
02CRKV30,klimatološka,Crkvice,17.08.2026 17:00,23.13,,,,,,,
02DANL20,klimatološka,Danilovgrad,17.08.2026 17:00,33.80,,,,,,,
02DDOB30,klimatološka,Donja Dobrilovina,17.08.2026 17:00,26.60,,,,,,,
02GOBU30,klimatološka,Gornja Bukovica,17.08.2026 17:00,24.40,,,,,,,
02GRAD30,klimatološka,Gradac,17.08.2026 17:00,30.06,,,,,,,
02IVKO30,klimatološka,Ivanova korita,17.08.2026 17:00,22.62,,0.00,,,,,
02KOSA30,klimatološka,Kosanica,17.08.2026 17:00,26.66,,,,,,,
02KOVR30,klimatološka,Kovren,17.08.2026 17:00,25.44,,0.00,,,,,
02KUKO30,klimatološka,Kučka korita,17.08.2026 17:00,24.55,,0.00,,,,,
02LKOT20,klimatološka,Luka Kotor,17.08.2026 17:11,29.70,,,0.90,,2.60,,
02MAMO30,klimatološka,Manastir Morača,17.08.2026 17:00,32.54,,,,,,,
02MATE30,klimatološka,Matesevo,17.08.2026 17:00,25.28,,0.00,,,,,
02MOKR30,klimatološka,Mokro,17.08.2026 17:00,23.54,,,,,,,
02NJGV30,klimatološka,Njegovuđa,17.08.2026 17:00,24.22,,,,,,,
02POSC30,klimatološka,Pošćenje,17.08.2026 17:00,26.99,,,,,,,
02STAB30,klimatološka,Stabna,17.08.2026 17:00,29.88,,,,,,,
02STIT30,klimatološka,Štitarica,17.08.2026 17:00,18.09,,,,,,,
02UBLI20,klimatološka,Ubli,17.08.2026 17:00,30.98,,,,,,,
02VELK30,klimatološka,Velika,17.08.2026 17:00,21.57,,,,,,,
02VELM20,klimatološka,Velimlje,17.08.2026 17:00,28.80,,0.00,3.50,22,6.30,,
02VIRP20,klimatološka,Virpazar,17.08.2026 17:00,32.00,,0.00,,,,,
02BAR010,glavna,Bar,17.08.2026 18:50,27.80,,0.00,1.10,22,,82.7,1009.4
02BERA20,glavna,Berane,17.08.2026 18:00,26.02,,0.00,1.40,18,4.30,,932.44
02CTNJ10,glavna,Cetinje,17.08.2026 18:50,27.50,,0.00,3.10,22,,89.5,938.5
02HNOV10,glavna,Herceg Novi,17.08.2026 18:50,28.10,,0.00,3.30,10,,40.8,1004.9
02KOLS10,glavna,Kolašin,17.08.2026 18:50,22.20,,0.00,0.40,20,,23.7,906.3
02NIKS10,glavna,Nikšić,17.08.2026 18:50,27.50,,0.00,5.10,16,,109.1,937.8
02PDGR10,glavna,Podgorica,17.08.2026 18:50,31.20,,0.00,2.30,14,,83.1,1003.1
02PLJV10,glavna,Pljevlja,17.08.2026 18:50,28.20,,0.00,1.70,14,,67.5,921.0
02ULCN10,glavna,Ulcinj,17.08.2026 18:50,27.40,,0.00,2.40,22,,82.8,1009.6
02ZBLJ10,glavna,Žabljak,17.08.2026 18:50,22.50,,0.00,5.20,18,,60.7,854.1
02BIST20,klimatološka,Bistrica,17.08.2026 18:00,23.40,,0.00,1.70,2,2.10,,
02BOAN30,klimatološka,Boan,17.08.2026 18:00,26.57,,,,,,,
02BPLJ20,klimatološka,Bijelo Polje,17.08.2026 18:00,26.42,,,,,,,
02BUDV20,klimatološka,Budva,17.08.2026 18:00,28.91,,,,,,,
02CRKV30,klimatološka,Crkvice,17.08.2026 18:00,22.09,,,,,,,
02DANL20,klimatološka,Danilovgrad,17.08.2026 18:00,32.60,,,,,,,
02DDOB30,klimatološka,Donja Dobrilovina,17.08.2026 18:00,24.93,,,,,,,
02GOBU30,klimatološka,Gornja Bukovica,17.08.2026 18:00,24.09,,,,,,,
02GRAD30,klimatološka,Gradac,17.08.2026 18:00,31.86,,,,,,,
02IVKO30,klimatološka,Ivanova korita,17.08.2026 18:00,21.37,,0.00,,,,,
02KOSA30,klimatološka,Kosanica,17.08.2026 18:00,25.31,,,,,,,
02KOVR30,klimatološka,Kovren,17.08.2026 18:00,24.63,,0.00,,,,,
02KUKO30,klimatološka,Kučka korita,17.08.2026 18:00,23.19,,0.00,,,,,
02LKOT20,klimatološka,Luka Kotor,17.08.2026 18:21,28.50,,,0.90,,2.40,,
02MAMO30,klimatološka,Manastir Morača,17.08.2026 18:00,28.08,,,,,,,
02MATE30,klimatološka,Matesevo,17.08.2026 18:00,23.31,,0.00,,,,,
02MOKR30,klimatološka,Mokro,17.08.2026 18:00,25.98,,,,,,,
02NJGV30,klimatološka,Njegovuđa,17.08.2026 18:00,23.48,,,,,,,
02POSC30,klimatološka,Pošćenje,17.08.2026 18:00,27.80,,,,,,,
02STAB30,klimatološka,Stabna,17.08.2026 18:00,28.66,,,,,,,
02STIT30,klimatološka,Štitarica,17.08.2026 18:00,20.32,,,,,,,
02UBLI20,klimatološka,Ubli,17.08.2026 18:00,29.58,,,,,,,
02VELK30,klimatološka,Velika,17.08.2026 18:00,18.98,,,,,,,
02VELM20,klimatološka,Velimlje,17.08.2026 18:00,27.20,,0.00,3.30,22,6.30,,
02VIRP20,klimatološka,Virpazar,17.08.2026 18:00,30.40,,0.00,,,,,
02BAR010,glavna,Bar,17.08.2026 19:50,26.20,,0.00,0.60,26,,0.9,1009.1
02BERA20,glavna,Berane,17.08.2026 19:00,24.78,,0.00,0.80,20,3.10,,932.55
02CTNJ10,glavna,Cetinje,17.08.2026 19:50,24.50,,0.00,0.50,16,,1.0,938.6
02HNOV10,glavna,Herceg Novi,17.08.2026 19:50,26.10,,0.00,0.40,8,,2.2,1004.8
02KOLS10,glavna,Kolašin,17.08.2026 19:50,20.20,,0.00,0.50,20,,2.1,906.2
02NIKS10,glavna,Nikšić,17.08.2026 19:50,25.70,,0.00,1.20,16,,1.4,937.9
02PDGR10,glavna,Podgorica,17.08.2026 19:50,29.70,,0.00,2.20,14,,2.2,1002.7
02PLJV10,glavna,Pljevlja,17.08.2026 19:50,27.10,,0.00,0.80,18,,2.4,921.3
02ULCN10,glavna,Ulcinj,17.08.2026 19:50,26.00,,0.00,0.80,16,,0.4,1009.4
02ZBLJ10,glavna,Žabljak,17.08.2026 19:50,21.00,,0.00,1.20,22,,1.4,854.0
02BIST20,klimatološka,Bistrica,17.08.2026 19:00,21.50,,0.00,2.60,30,4.20,,
02BOAN30,klimatološka,Boan,17.08.2026 19:00,25.19,,,,,,,
02BPLJ20,klimatološka,Bijelo Polje,17.08.2026 19:00,25.19,,,,,,,
02BUDV20,klimatološka,Budva,17.08.2026 19:00,27.44,,,,,,,
02CRKV30,klimatološka,Crkvice,17.08.2026 19:00,20.83,,,,,,,
02DANL20,klimatološka,Danilovgrad,17.08.2026 19:00,30.90,,,,,,,
02DDOB30,klimatološka,Donja Dobrilovina,17.08.2026 19:00,21.60,,,,,,,
02GOBU30,klimatološka,Gornja Bukovica,17.08.2026 19:00,22.24,,,,,,,
02GRAD30,klimatološka,Gradac,17.08.2026 19:00,30.12,,,,,,,
02IVKO30,klimatološka,Ivanova korita,17.08.2026 19:00,20.19,,0.00,,,,,
02KOSA30,klimatološka,Kosanica,17.08.2026 19:00,24.16,,,,,,,
02KOVR30,klimatološka,Kovren,17.08.2026 19:00,23.22,,0.00,,,,,
02KUKO30,klimatološka,Kučka korita,17.08.2026 19:00,21.79,,0.00,,,,,
02LKOT20,klimatološka,Luka Kotor,17.08.2026 19:21,28.00,,,2.80,,4.50,,
02MAMO30,klimatološka,Manastir Morača,17.08.2026 19:00,25.81,,,,,,,
02MATE30,klimatološka,Matesevo,17.08.2026 19:00,19.76,,0.00,,,,,
02MOKR30,klimatološka,Mokro,17.08.2026 19:00,23.77,,,,,,,
02NJGV30,klimatološka,Njegovuđa,17.08.2026 19:00,23.01,,,,,,,
02POSC30,klimatološka,Pošćenje,17.08.2026 19:00,24.58,,,,,,,
02STAB30,klimatološka,Stabna,17.08.2026 19:00,26.66,,,,,,,
02STIT30,klimatološka,Štitarica,17.08.2026 19:00,19.62,,,,,,,
02UBLI20,klimatološka,Ubli,17.08.2026 19:00,27.87,,,,,,,
02VELK30,klimatološka,Velika,17.08.2026 19:00,18.51,,,,,,,
02VELM20,klimatološka,Velimlje,17.08.2026 19:00,25.80,,0.00,3.00,22,4.20,,
02VIRP20,klimatološka,Virpazar,17.08.2026 19:00,29.60,,0.00,,,,,
02BAR010,glavna,Bar,17.08.2026 21:30,25.00,,0.00,1.70,8,,1.6,1009.3
02BERA20,glavna,Berane,17.08.2026 21:00,22.07,,0.00,0.70,20,2.20,,932.9
02CTNJ10,glavna,Cetinje,17.08.2026 21:30,18.80,,0.00,0.60,22,,0.2,938.9
02HNOV10,glavna,Herceg Novi,17.08.2026 21:30,24.40,,0.00,0.30,28,,0.1,1005.2
02KOLS10,glavna,Kolašin,17.08.2026 21:30,16.90,,0.00,0.70,22,,0.4,906.8
02NIKS10,glavna,Nikšić,17.08.2026 21:30,23.40,,0.00,3.10,14,,0.1,938.2
02PDGR10,glavna,Podgorica,17.08.2026 21:30,27.30,,0.00,1.10,18,,0.0,1003.6
02PLJV10,glavna,Pljevlja,17.08.2026 21:30,23.70,,0.00,0.90,32,,0.2,922.0
02ULCN10,glavna,Ulcinj,17.08.2026 21:30,24.20,,0.00,1.50,24,,0.0,1009.6
02ZBLJ10,glavna,Žabljak,17.08.2026 21:30,16.80,,0.00,0.10,6,,0.5,854.4
02BIST20,klimatološka,Bistrica,17.08.2026 21:00,18.60,,0.00,1.30,32,2.40,,
02BOAN30,klimatološka,Boan,17.08.2026 21:00,20.24,,,,,,,
02BPLJ20,klimatološka,Bijelo Polje,17.08.2026 21:00,21.37,,,,,,,
02BUDV20,klimatološka,Budva,17.08.2026 21:00,26.39,,,,,,,
02CRKV30,klimatološka,Crkvice,17.08.2026 21:00,16.70,,,,,,,
02DANL20,klimatološka,Danilovgrad,17.08.2026 21:00,26.20,,,,,,,
02DDOB30,klimatološka,Donja Dobrilovina,17.08.2026 21:00,20.18,,,,,,,
02GOBU30,klimatološka,Gornja Bukovica,17.08.2026 21:00,17.57,,,,,,,
02GRAD30,klimatološka,Gradac,17.08.2026 21:00,20.82,,,,,,,
02IVKO30,klimatološka,Ivanova korita,17.08.2026 21:00,18.60,,0.00,,,,,
02KOSA30,klimatološka,Kosanica,17.08.2026 21:00,20.02,,,,,,,
02KUKO30,klimatološka,Kučka korita,17.08.2026 21:00,15.05,,0.00,,,,,
02LKOT20,klimatološka,Luka Kotor,17.08.2026 21:01,25.70,,,1.40,,2.20,,
02MAMO30,klimatološka,Manastir Morača,17.08.2026 21:00,21.00,,,,,,,
02MATE30,klimatološka,Matesevo,17.08.2026 21:00,17.04,,0.00,,,,,
02MOKR30,klimatološka,Mokro,17.08.2026 21:00,20.71,,,,,,,
02NJGV30,klimatološka,Njegovuđa,17.08.2026 21:00,19.89,,,,,,,
02PLZN20,klimatološka,Pluzine,17.08.2026 21:00,25.12,,0.00,3.00,18,6.90,,
02POSC30,klimatološka,Pošćenje,17.08.2026 21:00,19.10,,,,,,,
02STAB30,klimatološka,Stabna,17.08.2026 21:00,21.11,,,,,,,
02STIT30,klimatološka,Štitarica,17.08.2026 21:00,16.38,,,,,,,
02UBLI20,klimatološka,Ubli,17.08.2026 21:00,23.76,,,,,,,
02VELK30,klimatološka,Velika,17.08.2026 21:00,16.62,,,,,,,
02VELM20,klimatološka,Velimlje,17.08.2026 21:00,20.40,,0.00,0.50,2,0.80,,
02VIRP20,klimatološka,Virpazar,17.08.2026 21:00,27.10,,0.00,,,,,
02BAR010,glavna,Bar,17.08.2026 22:40,24.40,,0.00,1.10,6,,0.0,1009.1
02BERA20,glavna,Berane,17.08.2026 22:00,20.52,,0.00,0.80,10,2.80,,933.05
02CTNJ10,glavna,Cetinje,17.08.2026 22:40,16.60,,0.00,0.30,16,,0.7,938.9
02HNOV10,glavna,Herceg Novi,17.08.2026 22:40,23.30,,0.00,1.10,24,,0.1,1005.0
02KOLS10,glavna,Kolašin,17.08.2026 22:40,15.50,,0.00,0.20,16,,0.0,906.8
02NIKS10,glavna,Nikšić,17.08.2026 22:40,22.20,,0.00,2.60,12,,0.0,938.2
02PDGR10,glavna,Podgorica,17.08.2026 22:40,26.50,,0.00,0.30,22,,0.0,1003.5
02PLJV10,glavna,Pljevlja,17.08.2026 22:40,20.80,,0.00,1.00,18,,1.4,922.1
02ULCN10,glavna,Ulcinj,17.08.2026 22:40,22.40,,0.00,0.50,32,,0.0,1009.4
02ZBLJ10,glavna,Žabljak,17.08.2026 22:40,15.40,,0.00,0.80,18,,1.7,854.3
02BIST20,klimatološka,Bistrica,17.08.2026 22:00,17.60,,0.00,2.00,2,2.90,,
02BOAN30,klimatološka,Boan,17.08.2026 22:00,17.27,,,,,,,
02BPLJ20,klimatološka,Bijelo Polje,17.08.2026 22:00,20.41,,,,,,,
02BUDV20,klimatološka,Budva,17.08.2026 22:00,25.36,,,,,,,
02CRKV30,klimatološka,Crkvice,17.08.2026 22:00,15.66,,,,,,,
02DANL20,klimatološka,Danilovgrad,17.08.2026 22:00,25.40,,,,,,,
02DDOB30,klimatološka,Donja Dobrilovina,17.08.2026 22:00,18.83,,,,,,,
02GOBU30,klimatološka,Gornja Bukovica,17.08.2026 22:00,15.60,,,,,,,
02GRAD30,klimatološka,Gradac,17.08.2026 22:00,18.48,,,,,,,
02IVKO30,klimatološka,Ivanova korita,17.08.2026 22:00,17.69,,0.00,,,,,
02KOSA30,klimatološka,Kosanica,17.08.2026 22:00,18.88,,,,,,,
02KUKO30,klimatološka,Kučka korita,17.08.2026 22:00,14.45,,0.00,,,,,
02LKOT20,klimatološka,Luka Kotor,17.08.2026 22:16,24.90,,,1.00,,1.50,,
02MAMO30,klimatološka,Manastir Morača,17.08.2026 22:00,19.62,,,,,,,
02MATE30,klimatološka,Matesevo,17.08.2026 22:00,15.91,,0.00,,,,,
02MOKR30,klimatološka,Mokro,17.08.2026 22:00,18.43,,,,,,,
02NJGV30,klimatološka,Njegovuđa,17.08.2026 22:00,19.04,,,,,,,
02POSC30,klimatološka,Pošćenje,17.08.2026 22:00,16.02,,,,,,,
02STAB30,klimatološka,Stabna,17.08.2026 22:00,19.96,,,,,,,
02STIT30,klimatološka,Štitarica,17.08.2026 22:00,15.04,,,,,,,
02UBLI20,klimatološka,Ubli,17.08.2026 22:00,22.79,,,,,,,
02VELK30,klimatološka,Velika,17.08.2026 22:00,15.19,,,,,,,
02VELM20,klimatološka,Velimlje,17.08.2026 22:00,18.50,,0.00,0.70,30,0.90,,
02VIRP20,klimatološka,Virpazar,17.08.2026 22:00,25.10,,0.00,,,,,
02BAR010,glavna,Bar,17.08.2026 23:40,24.10,,0.00,2.10,6,,1.0,1008.9
02BERA20,glavna,Berane,17.08.2026 23:00,19.30,,0.00,0.50,32,1.10,,933.25
02CTNJ10,glavna,Cetinje,17.08.2026 23:40,15.30,,0.00,0.20,32,,0.0,938.8
02HNOV10,glavna,Herceg Novi,17.08.2026 23:40,23.20,,0.00,1.20,22,,1.1,1004.9
02KOLS10,glavna,Kolašin,17.08.2026 23:40,14.80,,0.00,0.40,20,,0.6,906.9
02NIKS10,glavna,Nikšić,17.08.2026 23:40,20.40,,0.00,3.30,2,4.40,2.4,938.4
02PDGR10,glavna,Podgorica,17.08.2026 23:40,26.10,,0.00,1.30,24,,0.0,1003.6
02PLJV10,glavna,Pljevlja,17.08.2026 23:40,19.70,,0.00,0.00,32,,0.0,922.5
02ULCN10,glavna,Ulcinj,17.08.2026 23:40,21.90,,0.00,1.80,30,2.20,0.0,1009.2
02ZBLJ10,glavna,Žabljak,17.08.2026 23:40,13.80,,0.00,1.30,18,,0.4,854.3
02BIST20,klimatološka,Bistrica,17.08.2026 23:00,16.40,,0.00,0.60,4,1.20,,
02BOAN30,klimatološka,Boan,17.08.2026 23:00,15.27,,,,,,,
02BPLJ20,klimatološka,Bijelo Polje,17.08.2026 23:00,19.58,,,,,,,
02BUDV20,klimatološka,Budva,17.08.2026 23:00,25.20,,,,,,,
02CRKV30,klimatološka,Crkvice,17.08.2026 23:00,16.35,,,,,,,
02DANL20,klimatološka,Danilovgrad,17.08.2026 23:00,24.50,,,,,,,
02DDOB30,klimatološka,Donja Dobrilovina,17.08.2026 23:00,17.16,,,,,,,
02GOBU30,klimatološka,Gornja Bukovica,17.08.2026 23:00,12.49,,,,,,,
02GRAD30,klimatološka,Gradac,17.08.2026 23:00,16.67,,,,,,,
02IVKO30,klimatološka,Ivanova korita,17.08.2026 23:00,15.09,,0.00,,,,,
02KOSA30,klimatološka,Kosanica,17.08.2026 23:00,15.67,,,,,,,
02KOVR30,klimatološka,Kovren,17.08.2026 23:00,18.98,,0.00,,,,,
02KUKO30,klimatološka,Kučka korita,17.08.2026 23:00,12.75,,0.00,,,,,
02LKOT20,klimatološka,Luka Kotor,17.08.2026 23:06,24.40,,,0.30,,1.20,,
02MAMO30,klimatološka,Manastir Morača,17.08.2026 23:00,18.67,,,,,,,
02MATE30,klimatološka,Matesevo,17.08.2026 23:00,14.74,,0.00,,,,,
02MOKR30,klimatološka,Mokro,17.08.2026 23:00,16.53,,,,,,,
02NJGV30,klimatološka,Njegovuđa,17.08.2026 23:00,18.36,,,,,,,
02PLZN20,klimatološka,Pluzine,17.08.2026 23:00,21.21,,0.00,0.60,20,1.70,,
02POSC30,klimatološka,Pošćenje,17.08.2026 23:00,15.08,,,,,,,
02STAB30,klimatološka,Stabna,17.08.2026 23:00,19.01,,,,,,,
02STIT30,klimatološka,Štitarica,17.08.2026 23:00,14.31,,,,,,,
02UBLI20,klimatološka,Ubli,17.08.2026 23:00,21.92,,,,,,,
02VELK30,klimatološka,Velika,17.08.2026 23:00,14.46,,,,,,,
02VELM20,klimatološka,Velimlje,17.08.2026 23:00,16.60,,0.00,0.20,32,0.40,,
02VIRP20,klimatološka,Virpazar,17.08.2026 23:00,22.10,,0.00,,,,,
02BAR010,glavna,Bar,18.08.2026 00:40,22.60,,0.00,1.20,6,,0.2,1009.1
02BERA20,glavna,Berane,18.08.2026 00:00,18.05,,0.00,0.70,14,1.70,,933.42
02CTNJ10,glavna,Cetinje,18.08.2026 00:40,14.60,,0.00,0.60,26,1.40,0.8,938.6
02HNOV10,glavna,Herceg Novi,18.08.2026 00:40,22.70,,0.00,0.20,30,,0.0,1004.6
02KOLS10,glavna,Kolašin,18.08.2026 00:40,14.40,,0.00,0.70,18,,0.4,906.8
02NIKS10,glavna,Nikšić,18.08.2026 00:40,18.90,,0.00,2.00,2,,1.4,938.1
02PDGR10,glavna,Podgorica,18.08.2026 00:40,25.70,,0.00,0.10,24,,0.3,1003.8
02PLJV10,glavna,Pljevlja,18.08.2026 00:40,17.50,,0.00,0.20,24,,1.3,922.5
02ULCN10,glavna,Ulcinj,18.08.2026 00:40,22.90,,0.00,0.80,28,,0.0,1009.1
02ZBLJ10,glavna,Žabljak,18.08.2026 00:40,13.20,,0.00,1.50,8,,0.9,854.3
02BIST20,klimatološka,Bistrica,18.08.2026 00:00,15.40,,0.00,0.50,20,0.70,,
02BOAN30,klimatološka,Boan,18.08.2026 00:00,13.70,,,,,,,
02BPLJ20,klimatološka,Bijelo Polje,18.08.2026 00:00,18.91,,,,,,,
02BUDV20,klimatološka,Budva,18.08.2026 00:00,24.30,,,,,,,
02CRKV30,klimatološka,Crkvice,18.08.2026 00:00,14.50,,,,,,,
02DANL20,klimatološka,Danilovgrad,18.08.2026 00:00,24.00,,,,,,,
02DDOB30,klimatološka,Donja Dobrilovina,18.08.2026 00:00,16.42,,,,,,,
02GOBU30,klimatološka,Gornja Bukovica,18.08.2026 00:00,10.11,,,,,,,
02GRAD30,klimatološka,Gradac,18.08.2026 00:00,15.09,,,,,,,
02IVKO30,klimatološka,Ivanova korita,18.08.2026 00:00,15.92,,0.00,,,,,
02KOSA30,klimatološka,Kosanica,18.08.2026 00:00,11.93,,,,,,,
02KUKO30,klimatološka,Kučka korita,18.08.2026 00:00,12.55,,0.00,,,,,
02LKOT20,klimatološka,Luka Kotor,18.08.2026 00:06,24.50,,,1.50,,2.50,,
02MAMO30,klimatološka,Manastir Morača,18.08.2026 00:00,17.62,,,,,,,
02MATE30,klimatološka,Matesevo,18.08.2026 00:00,13.63,,0.00,,,,,
02MOKR30,klimatološka,Mokro,18.08.2026 00:00,13.25,,,,,,,
02NJGV30,klimatološka,Njegovuđa,18.08.2026 00:00,17.48,,,,,,,
02PLZN20,klimatološka,Pluzine,18.08.2026 00:00,20.04,,0.00,0.80,16,1.60,,
02POSC30,klimatološka,Pošćenje,18.08.2026 00:00,13.82,,,,,,,
02STAB30,klimatološka,Stabna,18.08.2026 00:00,17.08,,,,,,,
02STIT30,klimatološka,Štitarica,18.08.2026 00:00,13.92,,,,,,,
02UBLI20,klimatološka,Ubli,18.08.2026 00:00,21.57,,,,,,,
02VELK30,klimatološka,Velika,18.08.2026 00:00,14.13,,,,,,,
02VELM20,klimatološka,Velimlje,18.08.2026 00:00,15.30,,0.00,0.60,12,1.30,,
02VIRP20,klimatološka,Virpazar,18.08.2026 00:00,21.20,,0.00,,,,,
02BAR010,glavna,Bar,18.08.2026 01:30,23.50,,0.00,1.00,14,,0.0,1008.9
02BERA20,glavna,Berane,18.08.2026 01:00,16.95,,0.00,0.60,8,1.90,,933.52
02CTNJ10,glavna,Cetinje,18.08.2026 01:30,14.30,,0.00,0.60,10,,0.1,938.7
02HNOV10,glavna,Herceg Novi,18.08.2026 01:30,22.30,,0.00,0.70,22,,0.7,1004.7
02KOLS10,glavna,Kolašin,18.08.2026 01:30,13.70,,0.00,0.50,2,,0.0,906.8
02NIKS10,glavna,Nikšić,18.08.2026 01:30,18.60,,0.00,1.60,2,,0.0,938.1
02PDGR10,glavna,Podgorica,18.08.2026 01:30,24.60,,0.00,0.90,26,,0.0,1003.3
02PLJV10,glavna,Pljevlja,18.08.2026 01:30,16.50,,0.00,0.60,24,,1.4,922.7
02ULCN10,glavna,Ulcinj,18.08.2026 01:30,22.30,,0.00,1.60,2,,0.0,1008.8
02ZBLJ10,glavna,Žabljak,18.08.2026 01:30,12.60,,0.00,1.10,20,,0.2,854.1
02BIST20,klimatološka,Bistrica,18.08.2026 01:00,14.30,,0.00,0.50,20,0.80,,
02BOAN30,klimatološka,Boan,18.08.2026 01:00,12.33,,,,,,,
02BPLJ20,klimatološka,Bijelo Polje,18.08.2026 01:00,17.92,,,,,,,
02BUDV20,klimatološka,Budva,18.08.2026 01:00,23.82,,,,,,,
02CRKV30,klimatološka,Crkvice,18.08.2026 01:00,13.23,,,,,,,
02DANL20,klimatološka,Danilovgrad,18.08.2026 01:00,22.10,,,,,,,
02DDOB30,klimatološka,Donja Dobrilovina,18.08.2026 01:00,15.68,,,,,,,
02GOBU30,klimatološka,Gornja Bukovica,18.08.2026 01:00,9.98,,,,,,,
02GRAD30,klimatološka,Gradac,18.08.2026 01:00,13.53,,,,,,,
02IVKO30,klimatološka,Ivanova korita,18.08.2026 01:00,14.64,,0.00,,,,,
02KOSA30,klimatološka,Kosanica,18.08.2026 01:00,11.36,,,,,,,
02KOVR30,klimatološka,Kovren,18.08.2026 01:00,18.18,,0.00,,,,,
02KUKO30,klimatološka,Kučka korita,18.08.2026 01:00,10.85,,0.00,,,,,
02LKOT20,klimatološka,Luka Kotor,18.08.2026 01:06,24.20,,,1.20,,2.00,,
02MAMO30,klimatološka,Manastir Morača,18.08.2026 01:00,16.92,,0.00,,,,,
02MATE30,klimatološka,Matesevo,18.08.2026 01:00,12.94,,0.00,,,,,
02MOKR30,klimatološka,Mokro,18.08.2026 01:00,11.62,,,,,,,
02NJGV30,klimatološka,Njegovuđa,18.08.2026 01:00,14.80,,,,,,,
02PLZN20,klimatološka,Pluzine,18.08.2026 01:00,19.18,,0.00,1.20,18,2.20,,
02POSC30,klimatološka,Pošćenje,18.08.2026 01:00,12.84,,,,,,,
02STAB30,klimatološka,Stabna,18.08.2026 01:00,16.93,,,,,,,
02STIT30,klimatološka,Štitarica,18.08.2026 01:00,13.45,,,,,,,
02UBLI20,klimatološka,Ubli,18.08.2026 01:00,20.94,,,,,,,
02VELK30,klimatološka,Velika,18.08.2026 01:00,13.30,,,,,,,
02VELM20,klimatološka,Velimlje,18.08.2026 01:00,15.80,,0.00,0.60,24,1.00,,
02VIRP20,klimatološka,Virpazar,18.08.2026 01:00,19.40,,0.00,,,,,
02BAR010,glavna,Bar,18.08.2026 05:00,23.90,,0.00,2.60,6,,0.8,1007.9
02BERA20,glavna,Berane,18.08.2026 04:00,14.47,,0.00,0.50,2,1.10,,933.44
02CTNJ10,glavna,Cetinje,18.08.2026 05:00,13.10,,0.00,0.00,32,,0.0,938.1
02HNOV10,glavna,Herceg Novi,18.08.2026 05:00,21.60,,0.00,0.80,24,,1.0,1004.0
02KOLS10,glavna,Kolašin,18.08.2026 05:00,11.40,,0.00,0.60,16,,0.0,906.5
02NIKS10,glavna,Nikšić,18.08.2026 05:00,16.50,,0.00,1.70,2,,0.4,937.7
02PDGR10,glavna,Podgorica,18.08.2026 05:00,23.40,,0.00,2.10,2,3.60,1.2,1003.2
02PLJV10,glavna,Pljevlja,18.08.2026 05:00,13.50,,0.00,1.00,20,1.30,0.0,923.2
02ULCN10,glavna,Ulcinj,18.08.2026 05:00,20.00,,0.00,2.40,4,2.80,0.0,1008.6
02ZBLJ10,glavna,Žabljak,18.08.2026 05:00,10.60,,0.00,0.60,18,,0.0,853.8
02BIST20,klimatološka,Bistrica,18.08.2026 04:00,12.50,,0.00,0.90,6,1.20,,
02BOAN30,klimatološka,Boan,18.08.2026 04:00,10.38,,,,,,,
02BPLJ20,klimatološka,Bijelo Polje,18.08.2026 04:00,15.23,,,,,,,
02BUDV20,klimatološka,Budva,18.08.2026 04:00,23.22,,,,,,,
02CRKV30,klimatološka,Crkvice,18.08.2026 04:00,13.16,,,,,,,
02DANL20,klimatološka,Danilovgrad,18.08.2026 04:00,19.80,,,,,,,
02DDOB30,klimatološka,Donja Dobrilovina,18.08.2026 04:00,13.16,,,,,,,
02GOBU30,klimatološka,Gornja Bukovica,18.08.2026 04:00,7.74,,,,,,,
02GRAD30,klimatološka,Gradac,18.08.2026 04:00,11.40,,,,,,,
02IVKO30,klimatološka,Ivanova korita,18.08.2026 04:00,12.88,,0.00,,,,,
02KOSA30,klimatološka,Kosanica,18.08.2026 04:00,7.95,,,,,,,
02KOVR30,klimatološka,Kovren,18.08.2026 04:00,15.43,,0.00,,,,,
02KUKO30,klimatološka,Kučka korita,18.08.2026 04:00,9.23,,0.00,,,,,
02LKOT20,klimatološka,Luka Kotor,18.08.2026 04:31,22.30,,,0.80,,2.20,,
02MAMO30,klimatološka,Manastir Morača,18.08.2026 05:00,15.16,,,,,,,
02MATE30,klimatološka,Matesevo,18.08.2026 04:00,10.80,,0.00,,,,,
02MOKR30,klimatološka,Mokro,18.08.2026 04:00,8.95,,,,,,,
02NJGV30,klimatološka,Njegovuđa,18.08.2026 04:00,10.04,,,,,,,
02PLZN20,klimatološka,Pluzine,18.08.2026 04:00,16.76,,0.00,0.80,16,1.60,,
02POSC30,klimatološka,Pošćenje,18.08.2026 04:00,10.21,,,,,,,
02STAB30,klimatološka,Stabna,18.08.2026 04:00,14.13,,,,,,,
02STIT30,klimatološka,Štitarica,18.08.2026 04:00,11.30,,,,,,,
02UBLI20,klimatološka,Ubli,18.08.2026 04:00,19.63,,,,,,,
02VELK30,klimatološka,Velika,18.08.2026 04:00,12.76,,,,,,,
02VELM20,klimatološka,Velimlje,18.08.2026 04:00,14.30,,0.00,0.00,32,0.20,,
02VIRP20,klimatološka,Virpazar,18.08.2026 04:00,18.60,,0.00,,,,,
02BAR010,glavna,Bar,18.08.2026 06:50,23.10,,0.00,0.50,12,,61.8,1008.4
02BERA20,glavna,Berane,18.08.2026 06:00,13.00,,0.00,0.70,8,1.50,,933.87
02CTNJ10,glavna,Cetinje,18.08.2026 06:50,14.60,,0.00,0.20,6,1.00,23.3,938.5
02HNOV10,glavna,Herceg Novi,18.08.2026 06:50,20.40,,0.00,0.40,30,,13.0,1004.7
02KOLS10,glavna,Kolašin,18.08.2026 06:50,10.90,,0.00,0.30,8,,74.8,906.9
02NIKS10,glavna,Nikšić,18.08.2026 06:50,16.60,,0.00,0.50,2,,59.3,938.1
02PDGR10,glavna,Podgorica,18.08.2026 06:50,23.50,,0.00,1.20,30,,78.6,1003.7
02PLJV10,glavna,Pljevlja,18.08.2026 06:50,13.70,,0.00,1.80,18,2.10,75.9,923.8
02ULCN10,glavna,Ulcinj,18.08.2026 06:50,21.70,,0.00,2.20,4,,65.3,1008.7
02ZBLJ10,glavna,Žabljak,18.08.2026 06:50,11.60,,0.00,0.40,8,,85.6,854.0
02BIST20,klimatološka,Bistrica,18.08.2026 06:00,11.10,,0.00,0.60,30,0.90,,
02BOAN30,klimatološka,Boan,18.08.2026 06:00,9.16,,,,,,,
02BPLJ20,klimatološka,Bijelo Polje,18.08.2026 06:00,14.17,,,,,,,
02BUDV20,klimatološka,Budva,18.08.2026 06:00,23.99,,,,,,,
02CRKV30,klimatološka,Crkvice,18.08.2026 06:00,13.01,,,,,,,
02DANL20,klimatološka,Danilovgrad,18.08.2026 06:00,18.90,,,,,,,
02DDOB30,klimatološka,Donja Dobrilovina,18.08.2026 06:00,11.99,,,,,,,
02GOBU30,klimatološka,Gornja Bukovica,18.08.2026 06:00,8.00,,,,,,,
02GRAD30,klimatološka,Gradac,18.08.2026 06:00,10.39,,,,,,,
02IVKO30,klimatološka,Ivanova korita,18.08.2026 06:00,13.48,,0.00,,,,,
02KOSA30,klimatološka,Kosanica,18.08.2026 06:00,7.58,,,,,,,
02KOVR30,klimatološka,Kovren,18.08.2026 06:00,15.69,,0.00,,,,,
02KUKO30,klimatološka,Kučka korita,18.08.2026 06:00,8.69,,0.00,,,,,
02LKOT20,klimatološka,Luka Kotor,18.08.2026 06:21,23.40,,,1.10,,1.90,,
02MAMO30,klimatološka,Manastir Morača,18.08.2026 06:00,14.99,,,,,,,
02MATE30,klimatološka,Matesevo,18.08.2026 06:00,9.82,,0.00,,,,,
02MOKR30,klimatološka,Mokro,18.08.2026 06:00,8.18,,,,,,,
02NJGV30,klimatološka,Njegovuđa,18.08.2026 06:00,9.16,,,,,,,
02PLZN20,klimatološka,Pluzine,18.08.2026 05:00,15.77,,0.00,0.60,26,1.10,,
02POSC30,klimatološka,Pošćenje,18.08.2026 06:00,9.47,,,,,,,
02STAB30,klimatološka,Stabna,18.08.2026 06:00,14.21,,,,,,,
02STIT30,klimatološka,Štitarica,18.08.2026 06:00,10.64,,,,,,,
02UBLI20,klimatološka,Ubli,18.08.2026 06:00,19.11,,,,,,,
02VELK30,klimatološka,Velika,18.08.2026 06:00,11.47,,,,,,,
02VELM20,klimatološka,Velimlje,18.08.2026 06:00,11.80,,0.00,0.80,12,0.90,,
02VIRP20,klimatološka,Virpazar,18.08.2026 06:00,18.00,,0.00,,,,,
02BAR010,glavna,Bar,18.08.2026 07:50,24.70,,0.00,0.70,14,,147.9,1008.5
02BERA20,glavna,Berane,18.08.2026 07:00,13.74,,0.00,0.00,32,1.00,,934.51
02CTNJ10,glavna,Cetinje,18.08.2026 07:50,17.80,,0.00,0.20,12,,111.5,938.3
02HNOV10,glavna,Herceg Novi,18.08.2026 07:50,20.90,,0.00,1.20,22,,67.6,1004.8
02KOLS10,glavna,Kolašin,18.08.2026 07:50,13.60,,0.00,0.50,26,,225.6,906.9
02NIKS10,glavna,Nikšić,18.08.2026 07:50,19.40,,0.00,1.80,2,,249.8,938.2
02PDGR10,glavna,Podgorica,18.08.2026 07:50,24.20,,0.00,1.80,28,,244.0,1003.9
02PLJV10,glavna,Pljevlja,18.08.2026 07:50,15.40,,0.00,0.20,32,,99.4,924.2
02ULCN10,glavna,Ulcinj,18.08.2026 07:50,24.70,,0.00,2.70,8,,166.4,1009.0
02ZBLJ10,glavna,Žabljak,18.08.2026 07:50,14.00,,0.00,0.70,24,,346.1,854.3
02BIST20,klimatološka,Bistrica,18.08.2026 07:00,11.70,,0.00,4.20,30,5.20,,
02BOAN30,klimatološka,Boan,18.08.2026 07:00,9.27,,,,,,,
02BPLJ20,klimatološka,Bijelo Polje,18.08.2026 07:00,15.20,,,,,,,
02BUDV20,klimatološka,Budva,18.08.2026 07:00,24.54,,,,,,,
02CRKV30,klimatološka,Crkvice,18.08.2026 07:00,15.90,,,,,,,
02DANL20,klimatološka,Danilovgrad,18.08.2026 07:00,20.10,,,,,,,
02DDOB30,klimatološka,Donja Dobrilovina,18.08.2026 07:00,12.65,,,,,,,
02GOBU30,klimatološka,Gornja Bukovica,18.08.2026 07:00,9.95,,,,,,,
02GRAD30,klimatološka,Gradac,18.08.2026 07:00,12.00,,,,,,,
02IVKO30,klimatološka,Ivanova korita,18.08.2026 07:00,15.19,,0.00,,,,,
02KOSA30,klimatološka,Kosanica,18.08.2026 07:00,9.79,,,,,,,
02KOVR30,klimatološka,Kovren,18.08.2026 07:00,16.92,,0.00,,,,,
02LKOT20,klimatološka,Luka Kotor,18.08.2026 07:21,23.60,,,1.20,,2.20,,
02MAMO30,klimatološka,Manastir Morača,18.08.2026 07:00,15.33,,,,,,,
02MATE30,klimatološka,Matesevo,18.08.2026 07:00,10.38,,0.00,,,,,
02MOKR30,klimatološka,Mokro,18.08.2026 07:00,10.16,,,,,,,
02NJGV30,klimatološka,Njegovuđa,18.08.2026 07:00,11.62,,,,,,,
02PLZN20,klimatološka,Pluzine,18.08.2026 07:00,16.23,,0.00,0.60,12,1.00,,
02POSC30,klimatološka,Pošćenje,18.08.2026 07:00,10.98,,,,,,,
02STAB30,klimatološka,Stabna,18.08.2026 07:00,14.80,,,,,,,
02STIT30,klimatološka,Štitarica,18.08.2026 07:00,11.68,,,,,,,
02UBLI20,klimatološka,Ubli,18.08.2026 07:00,20.48,,,,,,,
02VELK30,klimatološka,Velika,18.08.2026 07:00,11.69,,,,,,,
02VELM20,klimatološka,Velimlje,18.08.2026 07:00,12.50,,0.00,0.70,28,1.20,,
02VIRP20,klimatološka,Virpazar,18.08.2026 07:00,19.40,,0.00,,,,,
02BAR010,glavna,Bar,18.08.2026 09:50,27.80,,0.00,2.00,26,,580.0,1009.0
02BERA20,glavna,Berane,18.08.2026 09:00,20.32,,0.00,0.60,4,1.60,,934.43
02CTNJ10,glavna,Cetinje,18.08.2026 09:50,26.00,,0.00,0.90,14,,617.3,938.4
02HNOV10,glavna,Herceg Novi,18.08.2026 09:50,27.80,,0.00,1.10,8,,374.0,1005.1
02KOLS10,glavna,Kolašin,18.08.2026 09:50,20.70,,0.00,1.30,2,,569.5,906.7
02NIKS10,glavna,Nikšić,18.08.2026 09:50,24.20,,0.00,0.40,28,,636.3,937.9
02PDGR10,glavna,Podgorica,18.08.2026 09:50,28.80,,0.00,1.90,6,,591.4,1003.7
02PLJV10,glavna,Pljevlja,18.08.2026 09:50,18.50,,0.00,0.30,32,,37.1,925.2
02ULCN10,glavna,Ulcinj,18.08.2026 09:50,30.10,,0.00,4.00,8,5.10,579.0,1009.1
02ZBLJ10,glavna,Žabljak,18.08.2026 09:50,16.90,,0.00,5.40,26,,494.8,854.9
02BIST20,klimatološka,Bistrica,18.08.2026 09:00,17.20,,0.00,0.50,12,1.00,,
02BOAN30,klimatološka,Boan,18.08.2026 09:00,19.58,,,,,,,
02BPLJ20,klimatološka,Bijelo Polje,18.08.2026 09:00,18.80,,,,,,,
02BUDV20,klimatološka,Budva,18.08.2026 09:00,27.73,,,,,,,
02CRKV30,klimatološka,Crkvice,18.08.2026 09:00,22.21,,,,,,,
02DANL20,klimatološka,Danilovgrad,18.08.2026 09:00,24.50,,,,,,,
02DDOB30,klimatološka,Donja Dobrilovina,18.08.2026 09:00,18.70,,,,,,,
02GOBU30,klimatološka,Gornja Bukovica,18.08.2026 09:00,19.02,,,,,,,
02GRAD30,klimatološka,Gradac,18.08.2026 09:00,16.46,,,,,,,
02IVKO30,klimatološka,Ivanova korita,18.08.2026 09:00,22.04,,0.00,,,,,
02KOSA30,klimatološka,Kosanica,18.08.2026 09:00,17.05,,,,,,,
02KOVR30,klimatološka,Kovren,18.08.2026 09:00,19.48,,0.00,,,,,
02KUKO30,klimatološka,Kučka korita,18.08.2026 09:00,21.71,,0.00,,,,,
02LKOT20,klimatološka,Luka Kotor,18.08.2026 09:21,25.20,,,1.30,,1.60,,
02MAMO30,klimatološka,Manastir Morača,18.08.2026 09:00,23.32,,,,,,,
02MATE30,klimatološka,Matesevo,18.08.2026 09:00,19.37,,0.00,,,,,
02MOKR30,klimatološka,Mokro,18.08.2026 09:00,18.43,,,,,,,
02NJGV30,klimatološka,Njegovuđa,18.08.2026 09:00,17.37,,,,,,,
02PLZN20,klimatološka,Pluzine,18.08.2026 09:00,19.61,,0.00,0.80,28,2.10,,
02POSC30,klimatološka,Pošćenje,18.08.2026 09:00,19.49,,,,,,,
02STAB30,klimatološka,Stabna,18.08.2026 09:00,20.53,,,,,,,
02STIT30,klimatološka,Štitarica,18.08.2026 09:00,18.24,,,,,,,
02UBLI20,klimatološka,Ubli,18.08.2026 09:00,25.22,,,,,,,
02VELK30,klimatološka,Velika,18.08.2026 09:00,20.81,,,,,,,
02VELM20,klimatološka,Velimlje,18.08.2026 09:00,21.40,,0.00,0.60,4,1.30,,
02VIRP20,klimatološka,Virpazar,18.08.2026 09:00,27.50,,0.00,,,,,
02BAR010,glavna,Bar,18.08.2026 11:40,29.80,,0.00,1.40,26,,778.6,1009.1
02BERA20,glavna,Berane,18.08.2026 11:00,24.78,,0.00,3.20,30,8.10,,934.8
02CTNJ10,glavna,Cetinje,18.08.2026 11:40,29.30,,0.00,1.30,10,,854.2,938.3
02HNOV10,glavna,Herceg Novi,18.08.2026 11:40,30.80,,0.00,0.70,20,,686.0,1004.9
02KOLS10,glavna,Kolašin,18.08.2026 11:40,22.10,,0.00,5.60,2,,729.0,907.1
02NIKS10,glavna,Nikšić,18.08.2026 11:40,25.60,,0.00,8.20,32,,159.9,937.8
02PDGR10,glavna,Podgorica,18.08.2026 11:40,31.90,,0.00,0.70,16,,789.6,1003.0
02PLJV10,glavna,Pljevlja,18.08.2026 11:40,18.30,,0.00,3.50,18,,549.4,926.3
02ULCN10,glavna,Ulcinj,18.08.2026 11:40,30.80,,0.00,4.10,18,,820.6,1009.3
02ZBLJ10,glavna,Žabljak,18.08.2026 11:40,14.40,,0.00,0.80,30,,341.3,855.8
02BIST20,klimatološka,Bistrica,18.08.2026 11:00,21.60,,0.00,2.60,2,3.80,,
02BOAN30,klimatološka,Boan,18.08.2026 11:00,22.23,,,,,,,
02BPLJ20,klimatološka,Bijelo Polje,18.08.2026 11:00,22.33,,,,,,,
02BUDV20,klimatološka,Budva,18.08.2026 11:00,29.36,,,,,,,
02CRKV30,klimatološka,Crkvice,18.08.2026 11:00,24.33,,,,,,,
02DANL20,klimatološka,Danilovgrad,18.08.2026 11:00,30.70,,,,,,,
02DDOB30,klimatološka,Donja Dobrilovina,18.08.2026 11:00,20.65,,,,,,,
02GOBU30,klimatološka,Gornja Bukovica,18.08.2026 11:00,17.24,,,,,,,
02GRAD30,klimatološka,Gradac,18.08.2026 11:00,18.26,,,,,,,
02IVKO30,klimatološka,Ivanova korita,18.08.2026 11:00,23.91,,0.00,,,,,
02KOSA30,klimatološka,Kosanica,18.08.2026 11:00,14.25,,,,,,,
02KOVR30,klimatološka,Kovren,18.08.2026 11:00,16.34,,0.00,,,,,
02KUKO30,klimatološka,Kučka korita,18.08.2026 11:00,22.03,,0.00,,,,,
02LKOT20,klimatološka,Luka Kotor,18.08.2026 11:11,28.20,,,1.70,,2.20,,
02MAMO30,klimatološka,Manastir Morača,18.08.2026 11:00,27.36,,,,,,,
02MATE30,klimatološka,Matesevo,18.08.2026 11:00,23.47,,0.00,,,,,
02MOKR30,klimatološka,Mokro,18.08.2026 11:00,22.25,,,,,,,
02NJGV30,klimatološka,Njegovuđa,18.08.2026 11:00,14.90,,,,,,,
02PLZN20,klimatološka,Pluzine,18.08.2026 11:00,19.47,,0.00,4.60,30,9.20,,
02POSC30,klimatološka,Pošćenje,18.08.2026 11:00,23.87,,,,,,,
02STAB30,klimatološka,Stabna,18.08.2026 11:00,20.38,,,,,,,
02STIT30,klimatološka,Štitarica,18.08.2026 11:00,21.90,,,,,,,
02UBLI20,klimatološka,Ubli,18.08.2026 11:00,27.00,,,,,,,
02VELK30,klimatološka,Velika,18.08.2026 11:00,24.59,,,,,,,
02VELM20,klimatološka,Velimlje,18.08.2026 11:00,25.60,,0.00,1.20,24,2.50,,
02VIRP20,klimatološka,Virpazar,18.08.2026 11:00,30.00,,0.00,,,,,
02BAR010,glavna,Bar,18.08.2026 12:40,29.60,,0.00,1.90,22,,825.1,1009.1
02BERA20,glavna,Berane,18.08.2026 12:00,21.05,,0.00,3.30,32,9.80,,935.39
02CTNJ10,glavna,Cetinje,18.08.2026 12:40,29.20,,0.00,0.40,12,,125.3,938.1
02HNOV10,glavna,Herceg Novi,18.08.2026 12:40,33.00,,0.00,1.30,18,,858.0,1004.6
02KOLS10,glavna,Kolašin,18.08.2026 12:40,20.50,,0.00,4.00,2,,201.0,907.6
02NIKS10,glavna,Nikšić,18.08.2026 12:40,25.10,,0.00,3.40,32,,130.1,937.6
02PDGR10,glavna,Podgorica,18.08.2026 12:40,32.80,,0.00,1.40,18,,872.2,1002.5
02PLJV10,glavna,Pljevlja,18.08.2026 12:40,19.50,,0.00,1.50,20,,411.0,926.2
02ULCN10,glavna,Ulcinj,18.08.2026 12:40,31.10,,0.00,4.50,18,,863.5,1009.2
02ZBLJ10,glavna,Žabljak,18.08.2026 12:40,15.90,,0.00,2.90,2,,352.0,855.9
02BIST20,klimatološka,Bistrica,18.08.2026 12:00,19.30,,0.00,2.90,2,4.60,,
02BOAN30,klimatološka,Boan,18.08.2026 12:00,20.14,,,,,,,
02BPLJ20,klimatološka,Bijelo Polje,18.08.2026 12:00,20.24,,,,,,,
02BUDV20,klimatološka,Budva,18.08.2026 12:00,29.74,,,,,,,
02CRKV30,klimatološka,Crkvice,18.08.2026 12:00,24.36,,,,,,,
02DANL20,klimatološka,Danilovgrad,18.08.2026 12:00,33.40,,,,,,,
02DDOB30,klimatološka,Donja Dobrilovina,18.08.2026 12:00,18.03,,,,,,,
02GOBU30,klimatološka,Gornja Bukovica,18.08.2026 12:00,17.59,,,,,,,
02GRAD30,klimatološka,Gradac,18.08.2026 12:00,19.89,,,,,,,
02IVKO30,klimatološka,Ivanova korita,18.08.2026 12:00,23.57,,0.00,,,,,
02KOSA30,klimatološka,Kosanica,18.08.2026 12:00,14.56,,,,,,,
02KOVR30,klimatološka,Kovren,18.08.2026 12:00,15.51,,0.00,,,,,
02KUKO30,klimatološka,Kučka korita,18.08.2026 12:00,22.71,,0.00,,,,,
02LKOT20,klimatološka,Luka Kotor,18.08.2026 12:16,30.10,,,1.80,,6.20,,
02MAMO30,klimatološka,Manastir Morača,18.08.2026 12:00,25.06,,,,,,,
02MATE30,klimatološka,Matesevo,18.08.2026 12:00,21.38,,0.00,,,,,
02MOKR30,klimatološka,Mokro,18.08.2026 12:00,22.01,,,,,,,
02NJGV30,klimatološka,Njegovuđa,18.08.2026 12:00,15.31,,,,,,,
02PLZN20,klimatološka,Pluzine,18.08.2026 12:00,20.06,,0.00,9.10,32,13.70,,
02POSC30,klimatološka,Pošćenje,18.08.2026 12:00,22.89,,,,,,,
02STAB30,klimatološka,Stabna,18.08.2026 12:00,21.67,,,,,,,
02STIT30,klimatološka,Štitarica,18.08.2026 12:00,19.66,,,,,,,
02UBLI20,klimatološka,Ubli,18.08.2026 12:00,28.87,,,,,,,
02VELK30,klimatološka,Velika,18.08.2026 12:00,26.97,,,,,,,
02VELM20,klimatološka,Velimlje,18.08.2026 12:00,25.40,,0.00,4.90,30,6.60,,
02VIRP20,klimatološka,Virpazar,18.08.2026 12:00,30.40,,0.00,,,,,
02BAR010,glavna,Bar,18.08.2026 13:40,28.90,,0.00,2.50,22,,822.4,1008.9
02BERA20,glavna,Berane,18.08.2026 13:00,20.81,,0.00,3.20,30,7.30,,935.91
02CTNJ10,glavna,Cetinje,18.08.2026 13:40,25.00,,0.00,1.90,12,,89.5,938.5
02HNOV10,glavna,Herceg Novi,18.08.2026 13:40,33.20,,0.00,1.20,22,,865.2,1004.4
02KOLS10,glavna,Kolašin,18.08.2026 13:40,21.90,,0.00,1.80,6,,848.8,907.7
02NIKS10,glavna,Nikšić,18.08.2026 13:40,25.60,,0.00,3.30,30,,120.1,937.6
02PDGR10,glavna,Podgorica,18.08.2026 13:40,32.90,,0.00,5.40,24,,362.7,1002.6
02PLJV10,glavna,Pljevlja,18.08.2026 13:40,20.90,,0.00,1.70,18,,939.4,925.6
02ULCN10,glavna,Ulcinj,18.08.2026 13:40,30.30,,0.00,3.90,22,,853.2,1008.8
02ZBLJ10,glavna,Žabljak,18.08.2026 13:40,17.00,,0.00,0.50,2,,435.3,855.6
02BIST20,klimatološka,Bistrica,18.08.2026 13:00,20.10,,0.00,2.40,14,3.30,,
02BOAN30,klimatološka,Boan,18.08.2026 13:00,23.43,,,,,,,
02BPLJ20,klimatološka,Bijelo Polje,18.08.2026 13:00,21.21,,,,,,,
02BUDV20,klimatološka,Budva,18.08.2026 13:00,30.41,,,,,,,
02CRKV30,klimatološka,Crkvice,18.08.2026 13:00,21.25,,,,,,,
02DANL20,klimatološka,Danilovgrad,18.08.2026 13:00,30.50,,,,,,,
02DDOB30,klimatološka,Donja Dobrilovina,18.08.2026 13:00,19.14,,,,,,,
02GOBU30,klimatološka,Gornja Bukovica,18.08.2026 13:00,17.36,,,,,,,
02GRAD30,klimatološka,Gradac,18.08.2026 13:00,21.57,,,,,,,
02IVKO30,klimatološka,Ivanova korita,18.08.2026 13:00,24.30,,0.00,,,,,
02KOSA30,klimatološka,Kosanica,18.08.2026 13:00,17.14,,,,,,,
02KOVR30,klimatološka,Kovren,18.08.2026 13:00,18.41,,0.00,,,,,
02KUKO30,klimatološka,Kučka korita,18.08.2026 13:00,23.26,,0.00,,,,,
02LKOT20,klimatološka,Luka Kotor,18.08.2026 13:16,28.60,,,3.30,,4.40,,
02MAMO30,klimatološka,Manastir Morača,18.08.2026 13:00,26.15,,,,,,,
02MATE30,klimatološka,Matesevo,18.08.2026 13:00,19.43,,0.00,,,,,
02MOKR30,klimatološka,Mokro,18.08.2026 13:00,23.18,,,,,,,
02NJGV30,klimatološka,Njegovuđa,18.08.2026 13:00,15.90,,,,,,,
02PLZN20,klimatološka,Pluzine,18.08.2026 13:00,21.39,,0.00,5.20,32,9.10,,
02POSC30,klimatološka,Pošćenje,18.08.2026 13:00,23.23,,,,,,,
02STAB30,klimatološka,Stabna,18.08.2026 13:00,23.01,,,,,,,
02STIT30,klimatološka,Štitarica,18.08.2026 13:00,17.96,,,,,,,
02UBLI20,klimatološka,Ubli,18.08.2026 13:00,30.11,,,,,,,
02VELK30,klimatološka,Velika,18.08.2026 13:00,22.80,,,,,,,
02VELM20,klimatološka,Velimlje,18.08.2026 13:00,25.80,,0.00,2.50,30,3.30,,
02VIRP20,klimatološka,Virpazar,18.08.2026 13:00,31.10,,0.00,,,,,
02BAR010,glavna,Bar,18.08.2026 15:50,30.00,,0.00,1.40,26,,670.4,1008.0
02BERA20,glavna,Berane,18.08.2026 15:00,23.73,,0.00,1.40,30,3.50,,934.92
02CTNJ10,glavna,Cetinje,18.08.2026 15:50,26.70,,0.00,0.70,2,,254.6,937.7
02HNOV10,glavna,Herceg Novi,18.08.2026 15:50,32.00,,0.00,0.40,14,,711.9,1004.0
02KOLS10,glavna,Kolašin,18.08.2026 15:50,21.70,,0.00,3.80,2,,310.4,906.6
02NIKS10,glavna,Nikšić,18.08.2026 15:50,26.40,,0.00,4.80,14,,413.8,936.8
02PDGR10,glavna,Podgorica,18.08.2026 15:50,31.30,,0.00,3.30,2,,219.0,1002.1
02PLJV10,glavna,Pljevlja,18.08.2026 15:50,23.90,,0.00,1.80,6,,598.9,924.1
02ULCN10,glavna,Ulcinj,18.08.2026 15:50,29.40,,0.00,6.20,22,,648.6,1007.6
02ZBLJ10,glavna,Žabljak,18.08.2026 15:50,18.10,,0.00,2.00,6,,195.4,854.7
02BIST20,klimatološka,Bistrica,18.08.2026 15:00,22.10,,0.00,2.70,2,4.40,,
02BOAN30,klimatološka,Boan,18.08.2026 15:00,25.98,,,,,,,
02BPLJ20,klimatološka,Bijelo Polje,18.08.2026 15:00,23.36,,,,,,,
02BUDV20,klimatološka,Budva,18.08.2026 15:00,30.97,,,,,,,
02CRKV30,klimatološka,Crkvice,18.08.2026 15:00,17.20,,,,,,,
02DANL20,klimatološka,Danilovgrad,18.08.2026 15:00,34.00,,,,,,,
02DDOB30,klimatološka,Donja Dobrilovina,18.08.2026 15:00,22.83,,,,,,,
02GOBU30,klimatološka,Gornja Bukovica,18.08.2026 15:00,20.69,,,,,,,
02GRAD30,klimatološka,Gradac,18.08.2026 15:00,24.52,,,,,,,
02IVKO30,klimatološka,Ivanova korita,18.08.2026 15:00,21.81,,0.00,,,,,
02KOSA30,klimatološka,Kosanica,18.08.2026 15:00,20.65,,,,,,,
02KOVR30,klimatološka,Kovren,18.08.2026 15:00,20.23,,0.00,,,,,
02KUKO30,klimatološka,Kučka korita,18.08.2026 15:00,20.36,,0.00,,,,,
02LKOT20,klimatološka,Luka Kotor,18.08.2026 15:26,27.20,,,2.90,,4.70,,
02MAMO30,klimatološka,Manastir Morača,18.08.2026 15:00,26.09,,,,,,,
02MATE30,klimatološka,Matesevo,18.08.2026 15:00,20.07,,0.00,,,,,
02MOKR30,klimatološka,Mokro,18.08.2026 15:00,24.08,,,,,,,
02NJGV30,klimatološka,Njegovuđa,18.08.2026 15:00,18.81,,,,,,,
02PLZN20,klimatološka,Pluzine,18.08.2026 15:00,25.10,,0.00,7.00,32,12.20,,
02POSC30,klimatološka,Pošćenje,18.08.2026 15:00,25.22,,,,,,,
02STAB30,klimatološka,Stabna,18.08.2026 15:00,26.05,,,,,,,
02STIT30,klimatološka,Štitarica,18.08.2026 15:00,21.02,,,,,,,
02UBLI20,klimatološka,Ubli,18.08.2026 15:00,27.19,,,,,,,
02VELK30,klimatološka,Velika,18.08.2026 15:00,22.03,,,,,,,
02VELM20,klimatološka,Velimlje,18.08.2026 15:00,25.80,,0.00,4.30,14,6.20,,
02VIRP20,klimatološka,Virpazar,18.08.2026 15:00,31.00,,0.00,,,,,
02BAR010,glavna,Bar,18.08.2026 17:40,28.90,,0.00,3.40,26,,300.2,1007.9
02BERA20,glavna,Berane,18.08.2026 17:00,23.40,,0.00,0.80,18,2.20,,934.25
02CTNJ10,glavna,Cetinje,18.08.2026 17:40,26.50,,0.00,0.70,22,,168.0,937.5
02HNOV10,glavna,Herceg Novi,18.08.2026 17:40,30.70,,0.00,0.90,32,,318.3,1004.2
02KOLS10,glavna,Kolašin,18.08.2026 17:40,19.40,,0.00,0.40,18,,55.7,906.9
02NIKS10,glavna,Nikšić,18.08.2026 17:40,26.00,,0.00,1.10,30,,65.4,937.0
02PDGR10,glavna,Podgorica,18.08.2026 17:40,30.40,,0.00,4.30,2,,85.8,1002.0
02PLJV10,glavna,Pljevlja,18.08.2026 17:40,24.40,,0.00,2.10,2,,168.7,923.7
02ULCN10,glavna,Ulcinj,18.08.2026 17:40,29.90,,0.00,3.20,24,,309.2,1007.7
02ZBLJ10,glavna,Žabljak,18.08.2026 17:40,19.00,,0.00,0.10,6,,129.8,854.6
02BIST20,klimatološka,Bistrica,18.08.2026 17:00,23.10,,0.00,3.40,32,4.60,,
02BOAN30,klimatološka,Boan,18.08.2026 17:00,22.31,,,,,,,
02BPLJ20,klimatološka,Bijelo Polje,18.08.2026 17:00,24.95,,,,,,,
02BUDV20,klimatološka,Budva,18.08.2026 17:00,30.71,,,,,,,
02CRKV30,klimatološka,Crkvice,18.08.2026 17:00,18.46,,,,,,,
02DANL20,klimatološka,Danilovgrad,18.08.2026 17:00,28.30,,,,,,,
02DDOB30,klimatološka,Donja Dobrilovina,18.08.2026 17:00,23.75,,,,,,,
02GOBU30,klimatološka,Gornja Bukovica,18.08.2026 17:00,19.60,,,,,,,
02GRAD30,klimatološka,Gradac,18.08.2026 17:00,25.99,,,,,,,
02IVKO30,klimatološka,Ivanova korita,18.08.2026 17:00,21.76,,0.00,,,,,
02KOSA30,klimatološka,Kosanica,18.08.2026 17:00,20.94,,,,,,,
02KOVR30,klimatološka,Kovren,18.08.2026 17:00,20.32,,0.00,,,,,
02KUKO30,klimatološka,Kučka korita,18.08.2026 17:00,21.98,,0.00,,,,,
02LKOT20,klimatološka,Luka Kotor,18.08.2026 17:11,27.20,,,2.40,,4.40,,
02MAMO30,klimatološka,Manastir Morača,18.08.2026 17:00,22.76,,,,,,,
02MATE30,klimatološka,Matesevo,18.08.2026 17:00,19.15,,0.00,,,,,
02MOKR30,klimatološka,Mokro,18.08.2026 17:00,22.24,,,,,,,
02NJGV30,klimatološka,Njegovuđa,18.08.2026 17:00,19.48,,,,,,,
02PLZN20,klimatološka,Pluzine,18.08.2026 17:00,25.57,,0.00,4.70,32,7.80,,
02POSC30,klimatološka,Pošćenje,18.08.2026 17:00,22.33,,,,,,,
02STAB30,klimatološka,Stabna,18.08.2026 17:00,24.99,,,,,,,
02STIT30,klimatološka,Štitarica,18.08.2026 17:00,20.15,,,,,,,
02UBLI20,klimatološka,Ubli,18.08.2026 17:00,27.26,,,,,,,
02VELK30,klimatološka,Velika,18.08.2026 17:00,21.11,,,,,,,
02VELM20,klimatološka,Velimlje,18.08.2026 17:00,24.60,,0.00,1.70,16,3.00,,
02VIRP20,klimatološka,Virpazar,18.08.2026 17:00,30.50,,0.00,,,,,
02BAR010,glavna,Bar,18.08.2026 18:50,28.10,,0.00,2.50,26,,92.8,1008.0
02BERA20,glavna,Berane,18.08.2026 18:00,22.30,,0.00,0.80,18,2.30,,934.22
02CTNJ10,glavna,Cetinje,18.08.2026 18:50,26.80,,0.00,0.30,10,,92.6,937.7
02HNOV10,glavna,Herceg Novi,18.08.2026 18:50,29.10,,0.00,0.90,28,,41.1,1003.8
02KOLS10,glavna,Kolašin,18.08.2026 18:50,17.90,,0.00,0.90,18,,19.0,907.1
02NIKS10,glavna,Nikšić,18.08.2026 18:50,25.50,,0.00,1.30,24,,54.3,937.2
02PDGR10,glavna,Podgorica,18.08.2026 18:50,29.60,,0.00,3.30,2,,50.9,1002.2
02PLJV10,glavna,Pljevlja,18.08.2026 18:50,22.70,,0.00,1.20,2,,30.4,923.6
02ULCN10,glavna,Ulcinj,18.08.2026 18:50,29.10,,0.00,2.90,26,,100.6,1007.9
02ZBLJ10,glavna,Žabljak,18.08.2026 18:50,18.00,,0.00,1.90,6,,45.0,854.6
02BIST20,klimatološka,Bistrica,18.08.2026 18:00,22.10,,0.00,3.60,32,5.60,,
02BOAN30,klimatološka,Boan,18.08.2026 18:00,21.78,,,,,,,
02BPLJ20,klimatološka,Bijelo Polje,18.08.2026 18:00,24.48,,,,,,,
02BUDV20,klimatološka,Budva,18.08.2026 18:00,30.58,,,,,,,
02CRKV30,klimatološka,Crkvice,18.08.2026 18:00,19.50,,,,,,,
02DANL20,klimatološka,Danilovgrad,18.08.2026 18:00,28.20,,,,,,,
02DDOB30,klimatološka,Donja Dobrilovina,18.08.2026 18:00,20.84,,,,,,,
02GOBU30,klimatološka,Gornja Bukovica,18.08.2026 18:00,19.44,,,,,,,
02GRAD30,klimatološka,Gradac,18.08.2026 18:00,24.31,,,,,,,
02IVKO30,klimatološka,Ivanova korita,18.08.2026 18:00,21.17,,0.00,,,,,
02KOSA30,klimatološka,Kosanica,18.08.2026 18:00,20.57,,,,,,,
02KUKO30,klimatološka,Kučka korita,18.08.2026 18:00,19.81,,0.00,,,,,
02LKOT20,klimatološka,Luka Kotor,18.08.2026 18:21,26.40,,,3.20,,4.70,,
02MAMO30,klimatološka,Manastir Morača,18.08.2026 18:00,22.26,,,,,,,
02MATE30,klimatološka,Matesevo,18.08.2026 18:00,17.36,,0.00,,,,,
02MOKR30,klimatološka,Mokro,18.08.2026 18:00,21.04,,,,,,,
02NJGV30,klimatološka,Njegovuđa,18.08.2026 18:00,19.47,,,,,,,
02PLZN20,klimatološka,Pluzine,18.08.2026 18:00,24.82,,0.00,5.80,32,9.90,,
02POSC30,klimatološka,Pošćenje,18.08.2026 18:00,22.06,,,,,,,
02STAB30,klimatološka,Stabna,18.08.2026 18:00,24.69,,,,,,,
02STIT30,klimatološka,Štitarica,18.08.2026 18:00,18.51,,,,,,,
02UBLI20,klimatološka,Ubli,18.08.2026 18:00,25.91,,,,,,,
02VELK30,klimatološka,Velika,18.08.2026 18:00,20.02,,,,,,,
02VELM20,klimatološka,Velimlje,18.08.2026 18:00,24.60,,0.00,2.60,18,3.40,,
02VIRP20,klimatološka,Virpazar,18.08.2026 18:00,32.90,,0.00,,,,,
02BAR010,glavna,Bar,18.08.2026 19:50,27.00,,0.00,2.50,26,,1.4,1008.3
02BERA20,glavna,Berane,18.08.2026 19:00,21.11,,0.00,0.80,16,2.50,,934.33
02CTNJ10,glavna,Cetinje,18.08.2026 19:50,22.40,,0.00,0.20,26,,1.9,938.2
02HNOV10,glavna,Herceg Novi,18.08.2026 19:50,27.30,,0.00,0.60,28,,2.2,1004.0
02KOLS10,glavna,Kolašin,18.08.2026 19:50,17.40,,0.00,0.40,22,,1.3,907.4
02NIKS10,glavna,Nikšić,18.08.2026 19:50,23.90,,0.00,1.10,10,,2.5,937.5
02PDGR10,glavna,Podgorica,18.08.2026 19:50,28.90,,0.00,2.70,32,,1.6,1002.6
02PLJV10,glavna,Pljevlja,18.08.2026 19:50,21.10,,0.00,0.50,22,,1.8,923.9
02ULCN10,glavna,Ulcinj,18.08.2026 19:50,27.60,,0.00,2.60,24,,0.6,1008.3
02ZBLJ10,glavna,Žabljak,18.08.2026 19:50,15.90,,0.00,0.30,30,,0.8,855.1
02BIST20,klimatološka,Bistrica,18.08.2026 19:00,21.20,,0.00,0.60,30,1.10,,
02BOAN30,klimatološka,Boan,18.08.2026 19:00,21.45,,,,,,,
02BPLJ20,klimatološka,Bijelo Polje,18.08.2026 19:00,22.18,,,,,,,
02BUDV20,klimatološka,Budva,18.08.2026 19:00,29.31,,,,,,,
02CRKV30,klimatološka,Crkvice,18.08.2026 19:00,18.17,,,,,,,
02DANL20,klimatološka,Danilovgrad,18.08.2026 19:00,27.60,,,,,,,
02DDOB30,klimatološka,Donja Dobrilovina,18.08.2026 19:00,19.66,,,,,,,
02GOBU30,klimatološka,Gornja Bukovica,18.08.2026 19:00,18.67,,,,,,,
02GRAD30,klimatološka,Gradac,18.08.2026 19:00,21.76,,,,,,,
02IVKO30,klimatološka,Ivanova korita,18.08.2026 19:00,20.19,,0.00,,,,,
02KOSA30,klimatološka,Kosanica,18.08.2026 19:00,18.33,,,,,,,
02KOVR30,klimatološka,Kovren,18.08.2026 19:00,17.31,,0.00,,,,,
02KUKO30,klimatološka,Kučka korita,18.08.2026 19:00,18.99,,0.00,,,,,
02LKOT20,klimatološka,Luka Kotor,18.08.2026 19:21,25.80,,,1.60,,2.20,,
02MAMO30,klimatološka,Manastir Morača,18.08.2026 19:00,21.64,,,,,,,
02MATE30,klimatološka,Matesevo,18.08.2026 19:00,16.99,,0.00,,,,,
02MOKR30,klimatološka,Mokro,18.08.2026 19:00,20.94,,,,,,,
02NJGV30,klimatološka,Njegovuđa,18.08.2026 19:00,17.84,,,,,,,
02PLZN20,klimatološka,Pluzine,18.08.2026 19:00,24.64,,0.00,5.60,30,9.20,,
02POSC30,klimatološka,Pošćenje,18.08.2026 19:00,21.76,,,,,,,
02STAB30,klimatološka,Stabna,18.08.2026 19:00,22.41,,,,,,,
02STIT30,klimatološka,Štitarica,18.08.2026 19:00,17.94,,,,,,,
02UBLI20,klimatološka,Ubli,18.08.2026 19:00,25.55,,,,,,,
02VELK30,klimatološka,Velika,18.08.2026 19:00,18.09,,,,,,,
02VELM20,klimatološka,Velimlje,18.08.2026 19:00,23.30,,0.00,1.20,20,2.00,,
02VIRP20,klimatološka,Virpazar,18.08.2026 19:00,29.80,,0.00,,,,,
02BAR010,glavna,Bar,18.08.2026 21:20,26.40,,0.00,0.90,4,,0.0,1009.0
02BERA20,glavna,Berane,18.08.2026 21:00,19.38,,0.00,0.50,14,1.50,,935.4
02CTNJ10,glavna,Cetinje,18.08.2026 21:20,18.90,,0.00,0.00,32,,0.4,939.1
02HNOV10,glavna,Herceg Novi,18.08.2026 21:20,25.20,,0.00,1.90,24,2.20,1.3,1004.8
02KOLS10,glavna,Kolašin,18.08.2026 21:20,15.10,,0.00,0.70,20,,0.6,908.0
02NIKS10,glavna,Nikšić,18.08.2026 21:20,21.40,,0.00,2.80,2,3.90,0.9,938.4
02PDGR10,glavna,Podgorica,18.08.2026 21:20,28.30,,0.00,4.10,2,8.50,0.1,1003.6
02PLJV10,glavna,Pljevlja,18.08.2026 21:20,16.90,,0.00,0.80,26,,0.8,924.8
02ULCN10,glavna,Ulcinj,18.08.2026 21:20,26.10,,0.00,1.50,30,,0.0,1009.2
02ZBLJ10,glavna,Žabljak,18.08.2026 21:10,12.50,,0.00,0.90,22,,0.8,855.6
02BIST20,klimatološka,Bistrica,18.08.2026 21:00,16.90,,0.00,1.40,20,2.30,,
02BOAN30,klimatološka,Boan,18.08.2026 21:00,18.26,,,,,,,
02BPLJ20,klimatološka,Bijelo Polje,18.08.2026 21:00,17.69,,,,,,,
02BUDV20,klimatološka,Budva,18.08.2026 21:00,27.71,,,,,,,
02CRKV30,klimatološka,Crkvice,18.08.2026 21:00,15.09,,,,,,,
02DANL20,klimatološka,Danilovgrad,18.08.2026 21:00,23.70,,,,,,,
02DDOB30,klimatološka,Donja Dobrilovina,18.08.2026 21:00,17.12,,,,,,,
02GOBU30,klimatološka,Gornja Bukovica,18.08.2026 21:00,11.52,,,,,,,
02GRAD30,klimatološka,Gradac,18.08.2026 21:00,14.34,,,,,,,
02IVKO30,klimatološka,Ivanova korita,18.08.2026 21:00,15.14,,0.00,,,,,
02KOSA30,klimatološka,Kosanica,18.08.2026 21:00,8.93,,,,,,,
02KOVR30,klimatološka,Kovren,18.08.2026 21:00,15.90,,0.00,,,,,
02KUKO30,klimatološka,Kučka korita,18.08.2026 21:00,16.18,,0.00,,,,,
02LKOT20,klimatološka,Luka Kotor,18.08.2026 20:56,24.40,,,0.70,,1.80,,
02MAMO30,klimatološka,Manastir Morača,18.08.2026 21:00,18.95,,,,,,,
02MATE30,klimatološka,Matesevo,18.08.2026 21:00,14.29,,0.00,,,,,
02MOKR30,klimatološka,Mokro,18.08.2026 21:00,15.18,,,,,,,
02NJGV30,klimatološka,Njegovuđa,18.08.2026 21:00,11.33,,,,,,,
02PLZN20,klimatološka,Pluzine,18.08.2026 21:00,20.80,,0.00,0.60,32,1.80,,
02POSC30,klimatološka,Pošćenje,18.08.2026 21:00,16.80,,,,,,,
02STAB30,klimatološka,Stabna,18.08.2026 21:00,17.28,,,,,,,
02STIT30,klimatološka,Štitarica,18.08.2026 21:00,14.44,,,,,,,
02UBLI20,klimatološka,Ubli,18.08.2026 21:00,22.16,,,,,,,
02VELK30,klimatološka,Velika,18.08.2026 21:00,16.77,,,,,,,
02VELM20,klimatološka,Velimlje,18.08.2026 21:00,20.90,,0.00,0.40,14,0.70,,
02VIRP20,klimatološka,Virpazar,18.08.2026 21:00,26.10,,0.00,,,,,
02BAR010,glavna,Bar,18.08.2026 21:50,26.10,,0.00,1.10,8,,0.7,1009.1
02CTNJ10,glavna,Cetinje,18.08.2026 21:50,18.20,,0.00,0.30,10,,0.0,939.3
02HNOV10,glavna,Herceg Novi,18.08.2026 21:50,24.70,,0.00,1.40,22,,0.7,1005.2
02KOLS10,glavna,Kolašin,18.08.2026 21:50,14.30,,0.00,0.20,18,,0.0,908.4
02NIKS10,glavna,Nikšić,18.08.2026 21:50,21.30,,0.00,2.40,4,,0.1,938.6
02PDGR10,glavna,Podgorica,18.08.2026 21:50,28.40,,0.00,1.70,2,,0.1,1003.8
02PLJV10,glavna,Pljevlja,18.08.2026 21:50,15.90,,0.00,1.00,20,,0.8,924.9
02ULCN10,glavna,Ulcinj,18.08.2026 21:50,25.50,,0.00,0.70,30,,0.0,1009.3
02ZBLJ10,glavna,Žabljak,18.08.2026 21:50,11.60,,0.00,1.50,22,,0.1,855.7
02LKOT20,klimatološka,Luka Kotor,18.08.2026 21:16,24.40,,,1.00,,1.40,,
02BAR010,glavna,Bar,18.08.2026 22:40,25.50,,0.00,1.30,6,,0.1,1009.2
02BERA20,glavna,Berane,18.08.2026 22:00,17.71,,0.00,1.30,12,2.40,,935.6
02CTNJ10,glavna,Cetinje,18.08.2026 22:40,17.20,,0.00,0.30,10,,0.0,939.5
02HNOV10,glavna,Herceg Novi,18.08.2026 22:40,23.70,,0.00,0.10,22,,0.0,1005.2
02KOLS10,glavna,Kolašin,18.08.2026 22:40,13.10,,0.00,0.00,32,,0.0,908.5
02NIKS10,glavna,Nikšić,18.08.2026 22:40,20.60,,0.00,2.30,4,,0.0,938.9
02PDGR10,glavna,Podgorica,18.08.2026 22:40,28.00,,0.00,2.90,2,,0.0,1004.1
02PLJV10,glavna,Pljevlja,18.08.2026 22:40,14.50,,0.00,0.40,24,,0.1,925.4
02ULCN10,glavna,Ulcinj,18.08.2026 22:40,25.00,,0.00,0.80,30,,0.0,1009.5
02ZBLJ10,glavna,Žabljak,18.08.2026 22:40,10.80,,0.00,1.20,22,,0.6,855.9
02BIST20,klimatološka,Bistrica,18.08.2026 22:00,15.80,,0.00,0.80,2,1.50,,
02BOAN30,klimatološka,Boan,18.08.2026 22:00,15.51,,,,,,,
02BPLJ20,klimatološka,Bijelo Polje,18.08.2026 22:00,16.26,,,,,,,
02BUDV20,klimatološka,Budva,18.08.2026 22:00,26.96,,,,,,,
02CRKV30,klimatološka,Crkvice,18.08.2026 22:00,14.95,,,,,,,
02DANL20,klimatološka,Danilovgrad,18.08.2026 22:00,22.90,,,,,,,
02DDOB30,klimatološka,Donja Dobrilovina,18.08.2026 22:00,15.81,,,,,,,
02GOBU30,klimatološka,Gornja Bukovica,18.08.2026 22:00,10.43,,,,,,,
02GRAD30,klimatološka,Gradac,18.08.2026 22:00,12.52,,,,,,,
02IVKO30,klimatološka,Ivanova korita,18.08.2026 22:00,14.37,,0.00,,,,,
02KOSA30,klimatološka,Kosanica,18.08.2026 22:00,6.90,,,,,,,
02KOVR30,klimatološka,Kovren,18.08.2026 22:00,15.16,,0.00,,,,,
02KUKO30,klimatološka,Kučka korita,18.08.2026 22:00,14.54,,0.00,,,,,
02LKOT20,klimatološka,Luka Kotor,18.08.2026 22:11,24.00,,,0.80,,1.30,,
02MAMO30,klimatološka,Manastir Morača,18.08.2026 22:00,17.25,,,,,,,
02MATE30,klimatološka,Matesevo,18.08.2026 22:00,12.95,,0.00,,,,,
02MOKR30,klimatološka,Mokro,18.08.2026 22:00,13.19,,,,,,,
02NJGV30,klimatološka,Njegovuđa,18.08.2026 22:00,11.18,,,,,,,
02PLZN20,klimatološka,Pluzine,18.08.2026 22:00,18.93,,0.00,1.00,12,2.20,,
02POSC30,klimatološka,Pošćenje,18.08.2026 22:00,14.13,,,,,,,
02STAB30,klimatološka,Stabna,18.08.2026 22:00,15.68,,,,,,,
02STIT30,klimatološka,Štitarica,18.08.2026 22:00,12.04,,,,,,,
02UBLI20,klimatološka,Ubli,18.08.2026 22:00,21.23,,,,,,,
02VELK30,klimatološka,Velika,18.08.2026 22:00,15.02,,,,,,,
02VELM20,klimatološka,Velimlje,18.08.2026 22:00,18.70,,0.00,0.60,12,0.80,,
02VIRP20,klimatološka,Virpazar,18.08.2026 22:00,23.90,,0.00,,,,,
02BAR010,glavna,Bar,18.08.2026 23:40,24.90,,0.00,1.30,2,,0.0,1009.6
02BERA20,glavna,Berane,18.08.2026 23:00,16.05,,0.00,0.60,32,0.90,,935.81
02CTNJ10,glavna,Cetinje,18.08.2026 23:40,16.20,,0.00,0.00,32,,0.0,939.8
02HNOV10,glavna,Herceg Novi,18.08.2026 23:40,23.60,,0.00,0.80,24,,0.0,1005.5
02KOLS10,glavna,Kolašin,18.08.2026 23:40,12.30,,0.00,0.40,16,,0.1,908.6
02NIKS10,glavna,Nikšić,18.08.2026 23:40,19.40,,0.00,0.60,16,,0.0,939.1
02PDGR10,glavna,Podgorica,18.08.2026 23:40,27.00,,0.00,2.10,30,,0.1,1004.3
02PLJV10,glavna,Pljevlja,18.08.2026 23:40,13.20,,0.00,0.80,24,,0.3,925.6
02ULCN10,glavna,Ulcinj,18.08.2026 23:40,24.00,,0.00,1.40,10,,0.0,1009.8
02ZBLJ10,glavna,Žabljak,18.08.2026 23:40,10.20,,0.00,1.40,24,,0.8,855.9
02BIST20,klimatološka,Bistrica,18.08.2026 23:00,13.80,,0.00,0.80,2,1.20,,
02BOAN30,klimatološka,Boan,18.08.2026 23:00,13.84,,,,,,,
02BPLJ20,klimatološka,Bijelo Polje,18.08.2026 23:00,15.47,,,,,,,
02BUDV20,klimatološka,Budva,18.08.2026 23:00,26.32,,,,,,,
02CRKV30,klimatološka,Crkvice,18.08.2026 23:00,14.88,,,,,,,
02DANL20,klimatološka,Danilovgrad,18.08.2026 23:00,22.40,,,,,,,
02DDOB30,klimatološka,Donja Dobrilovina,18.08.2026 23:00,14.22,,,,,,,
02GOBU30,klimatološka,Gornja Bukovica,18.08.2026 23:00,8.93,,,,,,,
02GRAD30,klimatološka,Gradac,18.08.2026 23:00,10.95,,,,,,,
02IVKO30,klimatološka,Ivanova korita,18.08.2026 23:00,14.12,,0.00,,,,,
02KOSA30,klimatološka,Kosanica,18.08.2026 23:00,5.32,,,,,,,
02KOVR30,klimatološka,Kovren,18.08.2026 23:00,14.08,,0.00,,,,,
02KUKO30,klimatološka,Kučka korita,18.08.2026 23:00,13.59,,0.00,,,,,
02LKOT20,klimatološka,Luka Kotor,18.08.2026 23:06,23.10,,,0.50,,1.00,,
02MAMO30,klimatološka,Manastir Morača,18.08.2026 23:00,16.26,,,,,,,
02MATE30,klimatološka,Matesevo,18.08.2026 23:00,12.09,,0.00,,,,,
02MOKR30,klimatološka,Mokro,18.08.2026 23:00,12.29,,,,,,,
02NJGV30,klimatološka,Njegovuđa,18.08.2026 23:00,9.08,,,,,,,
02PLZN20,klimatološka,Pluzine,18.08.2026 23:00,17.48,,0.00,0.80,28,1.70,,
02POSC30,klimatološka,Pošćenje,18.08.2026 23:00,12.68,,,,,,,
02STAB30,klimatološka,Stabna,18.08.2026 23:00,15.03,,,,,,,
02STIT30,klimatološka,Štitarica,18.08.2026 23:00,10.94,,,,,,,
02UBLI20,klimatološka,Ubli,18.08.2026 23:00,20.49,,,,,,,
02VELK30,klimatološka,Velika,18.08.2026 23:00,14.09,,,,,,,
02VELM20,klimatološka,Velimlje,18.08.2026 23:00,16.60,,0.00,0.90,12,1.10,,
02VIRP20,klimatološka,Virpazar,18.08.2026 23:00,22.30,,0.00,,,,,
02BAR010,glavna,Bar,19.08.2026 00:50,24.50,64.0,0.00,1.60,10,,0.2,1009.9
02BERA20,glavna,Berane,19.08.2026 00:00,14.71,92.2,0.00,0.70,10,2.00,,936.18
02CTNJ10,glavna,Cetinje,19.08.2026 00:50,15.20,88.0,0.00,0.10,8,,0.6,940.1
02HNOV10,glavna,Herceg Novi,19.08.2026 00:50,23.00,69.0,0.00,1.00,22,,0.7,1005.8
02KOLS10,glavna,Kolašin,19.08.2026 00:50,11.60,96.0,0.00,0.30,10,,0.0,908.8
02NIKS10,glavna,Nikšić,19.08.2026 00:50,19.30,60.0,0.00,1.90,2,,0.0,939.5
02PDGR10,glavna,Podgorica,19.08.2026 00:50,26.90,40.0,0.00,4.90,30,7.80,0.0,1004.6
02PLJV10,glavna,Pljevlja,19.08.2026 00:50,11.70,76.0,0.00,0.30,24,,0.0,925.8
02ULCN10,glavna,Ulcinj,19.08.2026 00:50,22.80,86.0,0.00,0.40,30,,0.0,1010.1
02ZBLJ10,glavna,Žabljak,19.08.2026 00:50,9.70,79.0,0.00,1.40,24,,0.3,856.0
02BIST20,klimatološka,Bistrica,19.08.2026 00:00,12.80,87.2,0.00,0.50,2,0.80,0.5,
02BOAN30,klimatološka,Boan,19.08.2026 00:00,12.39,99.3,,,,,,
02BPLJ20,klimatološka,Bijelo Polje,19.08.2026 00:00,14.42,92.9,,,,,0.0,946.5
02BUDV20,klimatološka,Budva,19.08.2026 00:00,25.80,72.4,,,,,0.16,1009.23
02CRKV30,klimatološka,Crkvice,19.08.2026 00:00,14.73,100.0,,,,,,
02DANL20,klimatološka,Danilovgrad,19.08.2026 00:00,20.60,,,,,,,
02DDOB30,klimatološka,Donja Dobrilovina,19.08.2026 00:00,13.24,100.0,,,,,,
02GOBU30,klimatološka,Gornja Bukovica,19.08.2026 00:00,8.35,100.0,,,,,,
02GRAD30,klimatološka,Gradac,19.08.2026 00:00,10.13,100.0,,,,,,
02IVKO30,klimatološka,Ivanova korita,19.08.2026 00:00,13.56,87.7,0.00,,,,,
02KOSA30,klimatološka,Kosanica,19.08.2026 00:00,4.78,100.0,,,,,,
02KOVR30,klimatološka,Kovren,19.08.2026 00:00,14.38,88.0,0.00,,,,,
02KUKO30,klimatološka,Kučka korita,19.08.2026 00:00,12.89,88.3,0.00,,,,,
02LKOT20,klimatološka,Luka Kotor,19.08.2026 00:21,22.90,74.0,,0.80,,1.80,,1013.3
02MAMO30,klimatološka,Manastir Morača,19.08.2026 00:00,15.24,99.2,,,,,,
02MATE30,klimatološka,Matesevo,19.08.2026 00:00,11.63,95.2,0.00,,,,,
02MOKR30,klimatološka,Mokro,19.08.2026 00:00,10.65,84.8,,,,,,
02NJGV30,klimatološka,Njegovuđa,19.08.2026 00:00,7.52,100.0,,,,,,
02PLZN20,klimatološka,Pluzine,19.08.2026 00:00,16.41,80.8,0.00,0.90,16,2.30,0.0,931.01
02POSC30,klimatološka,Pošćenje,19.08.2026 00:00,12.13,87.2,,,,,,
02STAB30,klimatološka,Stabna,19.08.2026 00:00,13.87,80.5,,,,,,
02STIT30,klimatološka,Štitarica,19.08.2026 00:00,10.80,100.0,,,,,,
02UBLI20,klimatološka,Ubli,19.08.2026 00:00,20.81,,,,,,,
02VELK30,klimatološka,Velika,19.08.2026 00:00,13.37,100.0,,,,,,
02VELM20,klimatološka,Velimlje,19.08.2026 00:00,16.50,76.7,0.00,0.30,32,0.60,0.9,
02VIRP20,klimatološka,Virpazar,19.08.2026 00:00,21.90,74.0,0.00,,,,,
02BAR010,glavna,Bar,19.08.2026 01:20,24.30,63.0,0.00,1.30,6,,0.0,1010.0
02BERA20,glavna,Berane,19.08.2026 01:00,14.09,93.3,0.00,0.70,6,1.10,,936.25
02CTNJ10,glavna,Cetinje,19.08.2026 01:20,15.00,89.0,0.00,0.10,32,,0.0,940.0
02HNOV10,glavna,Herceg Novi,19.08.2026 01:20,22.70,69.0,0.00,1.40,22,,0.5,1005.8
02KOLS10,glavna,Kolašin,19.08.2026 01:20,11.30,97.0,0.00,0.60,20,0.70,0.0,908.8
02NIKS10,glavna,Nikšić,19.08.2026 01:20,18.50,64.0,0.00,2.40,32,2.70,0.0,939.4
02PDGR10,glavna,Podgorica,19.08.2026 01:20,26.80,42.0,0.00,1.70,28,,0.0,1004.6
02PLJV10,glavna,Pljevlja,19.08.2026 01:20,11.30,79.0,0.00,0.50,30,,0.0,925.8
02ULCN10,glavna,Ulcinj,19.08.2026 01:20,23.20,86.0,0.00,0.30,28,,0.0,1010.3
02ZBLJ10,glavna,Žabljak,19.08.2026 01:20,9.20,80.0,0.00,0.70,26,,0.3,856.0
02BIST20,klimatološka,Bistrica,19.08.2026 01:00,11.80,87.7,0.00,0.20,18,0.40,0.5,
02BOAN30,klimatološka,Boan,19.08.2026 01:00,11.13,100.0,,,,,,
02BPLJ20,klimatološka,Bijelo Polje,19.08.2026 01:00,14.05,96.3,,,,,0.0,946.57
02BUDV20,klimatološka,Budva,19.08.2026 01:00,25.32,72.9,,,,,0.16,1009.4
02CRKV30,klimatološka,Crkvice,19.08.2026 01:00,15.67,100.0,,,,,,
02DANL20,klimatološka,Danilovgrad,19.08.2026 01:00,20.30,,,,,,,
02DDOB30,klimatološka,Donja Dobrilovina,19.08.2026 01:00,12.45,100.0,,,,,,
02GOBU30,klimatološka,Gornja Bukovica,19.08.2026 01:00,6.73,100.0,,,,,,
02GRAD30,klimatološka,Gradac,19.08.2026 01:00,9.15,100.0,,,,,,
02IVKO30,klimatološka,Ivanova korita,19.08.2026 01:00,13.39,88.7,0.00,,,,,
02KOSA30,klimatološka,Kosanica,19.08.2026 01:00,4.05,100.0,,,,,,
02KOVR30,klimatološka,Kovren,19.08.2026 01:00,13.98,96.8,0.00,,,,,
02KUKO30,klimatološka,Kučka korita,19.08.2026 01:00,12.29,89.9,0.00,,,,,
02LKOT20,klimatološka,Luka Kotor,19.08.2026 00:51,22.80,75.0,,0.40,,1.10,,1013.3
02MAMO30,klimatološka,Manastir Morača,19.08.2026 01:00,14.69,99.9,0.00,,,,,
02MATE30,klimatološka,Matesevo,19.08.2026 01:00,10.86,95.0,0.00,,,,,
02MOKR30,klimatološka,Mokro,19.08.2026 01:00,9.72,88.7,,,,,,
02NJGV30,klimatološka,Njegovuđa,19.08.2026 01:00,6.75,100.0,,,,,,
02PLZN20,klimatološka,Pluzine,19.08.2026 01:00,15.50,84.4,0.00,0.40,16,0.80,0.0,931.07
02POSC30,klimatološka,Pošćenje,19.08.2026 01:00,10.61,93.0,,,,,,
02STAB30,klimatološka,Stabna,19.08.2026 01:00,13.12,83.8,,,,,,
02STIT30,klimatološka,Štitarica,19.08.2026 01:00,10.00,100.0,,,,,,
02UBLI20,klimatološka,Ubli,19.08.2026 01:00,20.82,,,,,,,
02VELK30,klimatološka,Velika,19.08.2026 01:00,12.77,100.0,,,,,,
02VELM20,klimatološka,Velimlje,19.08.2026 01:00,14.70,82.9,0.00,0.50,32,0.70,0.0,
02VIRP20,klimatološka,Virpazar,19.08.2026 01:00,20.50,80.0,0.00,,,,,
02BAR010,glavna,Bar,19.08.2026 01:40,24.30,63.0,0.00,1.30,6,,0.0,1010.0
02CTNJ10,glavna,Cetinje,19.08.2026 01:40,14.70,91.0,0.00,0.20,32,,0.2,940.0
02HNOV10,glavna,Herceg Novi,19.08.2026 01:40,22.70,66.0,0.00,0.90,26,,0.0,1005.8
02KOLS10,glavna,Kolašin,19.08.2026 01:40,11.00,97.0,0.00,0.30,18,,0.4,908.9
02NIKS10,glavna,Nikšić,19.08.2026 01:40,17.90,64.0,0.00,3.60,2,4.10,1.2,939.5
02PDGR10,glavna,Podgorica,19.08.2026 01:40,26.20,43.0,0.00,2.20,30,,0.8,1004.6
02PLJV10,glavna,Pljevlja,19.08.2026 01:40,11.20,78.0,0.00,0.10,24,,0.5,925.8
02ULCN10,glavna,Ulcinj,19.08.2026 01:40,22.80,87.0,0.00,0.80,2,,0.0,1010.2
02ZBLJ10,glavna,Žabljak,19.08.2026 01:40,8.80,81.0,0.00,1.00,26,,0.7,856.0
02LKOT20,klimatološka,Luka Kotor,19.08.2026 01:11,22.50,74.0,,0.50,,1.00,,1013.3
02BAR010,glavna,Bar,19.08.2026 05:20,22.90,68.0,0.00,1.90,8,,0.2,1010.1
02BERA20,glavna,Berane,19.08.2026 05:00,11.10,100.0,0.00,0.00,4,0.80,,936.67
02CTNJ10,glavna,Cetinje,19.08.2026 05:20,13.00,94.0,0.00,0.20,14,,0.4,940.3
02HNOV10,glavna,Herceg Novi,19.08.2026 05:20,22.20,68.0,0.00,0.20,24,,1.1,1006.2
02KOLS10,glavna,Kolašin,19.08.2026 05:20,8.90,97.0,0.00,0.50,18,,0.2,909.3
02NIKS10,glavna,Nikšić,19.08.2026 05:20,15.70,70.0,0.00,1.60,30,,0.0,939.8
02PDGR10,glavna,Podgorica,19.08.2026 05:20,24.00,47.0,0.00,3.10,30,,1.1,1005.2
02PLJV10,glavna,Pljevlja,19.08.2026 05:20,8.90,92.0,0.00,0.30,30,,0.0,926.2
02ULCN10,glavna,Ulcinj,19.08.2026 05:20,20.00,82.0,0.00,2.00,6,,0.0,1010.5
02ZBLJ10,glavna,Žabljak,19.08.2026 05:20,8.30,75.0,0.00,0.30,20,,0.0,855.9
02BIST20,klimatološka,Bistrica,19.08.2026 05:00,9.00,96.5,0.00,0.70,20,0.90,0.8,
02BOAN30,klimatološka,Boan,19.08.2026 05:00,8.08,100.0,,,,,,
02BPLJ20,klimatološka,Bijelo Polje,19.08.2026 05:00,11.29,100.0,,,,,0.0,947.3
02BUDV20,klimatološka,Budva,19.08.2026 05:00,23.66,73.2,,,,,0.0,1009.54
02CRKV30,klimatološka,Crkvice,19.08.2026 05:00,15.09,100.0,,,,,,
02DANL20,klimatološka,Danilovgrad,19.08.2026 05:00,17.70,,,,,,,
02DDOB30,klimatološka,Donja Dobrilovina,19.08.2026 05:00,9.58,100.0,,,,,,
02GOBU30,klimatološka,Gornja Bukovica,19.08.2026 05:00,5.92,100.0,,,,,,
02GRAD30,klimatološka,Gradac,19.08.2026 05:00,6.83,100.0,,,,,,
02IVKO30,klimatološka,Ivanova korita,19.08.2026 05:00,12.30,91.2,0.00,,,,,
02KOSA30,klimatološka,Kosanica,19.08.2026 05:00,1.96,100.0,,,,,,
02KOVR30,klimatološka,Kovren,19.08.2026 05:00,11.54,100.0,0.00,,,,,
02KUKO30,klimatološka,Kučka korita,19.08.2026 05:00,9.75,93.9,0.00,,,,,
02LKOT20,klimatološka,Luka Kotor,19.08.2026 04:51,21.50,79.0,,0.60,,1.20,,1013.6
02MAMO30,klimatološka,Manastir Morača,19.08.2026 05:00,12.37,100.0,,,,,,
02MATE30,klimatološka,Matesevo,19.08.2026 05:00,7.99,97.4,0.00,,,,,
02MOKR30,klimatološka,Mokro,19.08.2026 05:00,6.09,95.2,,,,,,
02NJGV30,klimatološka,Njegovuđa,19.08.2026 05:00,4.74,100.0,,,,,,
02PLZN20,klimatološka,Pluzine,19.08.2026 05:00,13.15,98.5,0.00,0.50,12,1.10,0.0,931.63
02POSC30,klimatološka,Pošćenje,19.08.2026 05:00,8.08,100.0,,,,,,
02STAB30,klimatološka,Stabna,19.08.2026 05:00,11.04,91.8,,,,,,
02STIT30,klimatološka,Štitarica,19.08.2026 05:00,7.81,100.0,,,,,,
02UBLI20,klimatološka,Ubli,19.08.2026 05:00,19.59,,,,,,,
02VELK30,klimatološka,Velika,19.08.2026 05:00,10.57,100.0,,,,,,
02VELM20,klimatološka,Velimlje,19.08.2026 05:00,11.10,90.8,0.00,0.50,28,0.70,0.0,
02VIRP20,klimatološka,Virpazar,19.08.2026 05:00,18.00,88.0,0.00,,,,,
02BAR010,glavna,Bar,19.08.2026 06:50,23.10,67.0,0.00,1.00,6,,59.3,1011.0
02BERA20,glavna,Berane,19.08.2026 06:00,10.80,100.0,0.00,0.40,4,1.20,,937.29
02CTNJ10,glavna,Cetinje,19.08.2026 06:50,13.10,95.0,0.00,0.00,26,,46.1,940.9
02HNOV10,glavna,Herceg Novi,19.08.2026 06:50,22.80,63.0,0.00,1.00,24,,67.3,1006.8
02KOLS10,glavna,Kolašin,19.08.2026 06:50,8.60,98.0,0.00,0.30,32,,58.3,910.0
02NIKS10,glavna,Nikšić,19.08.2026 06:50,15.50,68.0,0.00,2.30,32,3.40,80.1,940.6
02PDGR10,glavna,Podgorica,19.08.2026 06:50,23.70,48.0,0.00,1.00,2,,67.5,1006.1
02PLJV10,glavna,Pljevlja,19.08.2026 06:50,8.90,91.0,0.00,0.50,16,1.00,57.0,926.8
02ULCN10,glavna,Ulcinj,19.08.2026 06:50,20.70,74.0,0.00,2.20,4,,68.1,1011.2
02ZBLJ10,glavna,Žabljak,19.08.2026 06:50,9.30,72.0,0.00,0.30,16,,79.8,856.4
02BIST20,klimatološka,Bistrica,19.08.2026 06:00,8.30,97.1,0.00,0.70,18,1.20,5.2,
02BOAN30,klimatološka,Boan,19.08.2026 06:00,7.61,100.0,,,,,,
02BPLJ20,klimatološka,Bijelo Polje,19.08.2026 06:00,10.79,100.0,,,,,2.28,947.78
02BUDV20,klimatološka,Budva,19.08.2026 06:00,23.35,78.6,,,,,0.43,1010.01
02CRKV30,klimatološka,Crkvice,19.08.2026 06:00,14.73,100.0,,,,,,
02DANL20,klimatološka,Danilovgrad,19.08.2026 06:00,17.30,,,,,,,
02DDOB30,klimatološka,Donja Dobrilovina,19.08.2026 06:00,9.21,100.0,,,,,,
02GOBU30,klimatološka,Gornja Bukovica,19.08.2026 06:00,4.79,100.0,,,,,,
02GRAD30,klimatološka,Gradac,19.08.2026 06:00,6.52,100.0,,,,,,
02IVKO30,klimatološka,Ivanova korita,19.08.2026 06:00,12.42,90.9,0.00,,,,,
02KOSA30,klimatološka,Kosanica,19.08.2026 06:00,1.94,100.0,,,,,,
02KOVR30,klimatološka,Kovren,19.08.2026 06:00,11.39,100.0,0.00,,,,,
02KUKO30,klimatološka,Kučka korita,19.08.2026 06:00,9.32,94.1,0.00,,,,,
02LKOT20,klimatološka,Luka Kotor,19.08.2026 06:26,22.00,75.0,,0.80,,1.50,,1014.4
02MAMO30,klimatološka,Manastir Morača,19.08.2026 06:00,12.11,100.0,,,,,,
02MATE30,klimatološka,Matesevo,19.08.2026 06:00,7.64,97.6,0.00,,,,,
02MOKR30,klimatološka,Mokro,19.08.2026 06:00,6.46,96.3,,,,,,
02NJGV30,klimatološka,Njegovuđa,19.08.2026 06:00,4.76,100.0,,,,,,
02PLZN20,klimatološka,Pluzine,19.08.2026 06:00,12.94,100.0,0.00,0.60,18,1.10,0.0,931.93
02POSC30,klimatološka,Pošćenje,19.08.2026 06:00,7.35,100.0,,,,,,
02STAB30,klimatološka,Stabna,19.08.2026 06:00,10.50,96.2,,,,,,
02STIT30,klimatološka,Štitarica,19.08.2026 06:00,7.50,100.0,,,,,,
02UBLI20,klimatološka,Ubli,19.08.2026 06:00,18.87,,,,,,,
02VELK30,klimatološka,Velika,19.08.2026 06:00,10.83,100.0,,,,,,
02VELM20,klimatološka,Velimlje,19.08.2026 06:00,11.60,87.9,0.00,0.40,8,0.70,7.7,
02VIRP20,klimatološka,Virpazar,19.08.2026 06:00,18.30,86.0,0.00,,,,,
02BAR010,glavna,Bar,19.08.2026 07:50,26.60,59.0,0.00,0.30,32,,212.7,1011.2
02BERA20,glavna,Berane,19.08.2026 07:00,11.38,100.0,0.00,0.00,2,0.80,,937.82
02CTNJ10,glavna,Cetinje,19.08.2026 07:50,15.80,84.0,0.00,0.50,16,,86.7,941.1
02HNOV10,glavna,Herceg Novi,19.08.2026 07:50,24.50,58.0,0.00,0.30,24,,198.5,1007.2
02KOLS10,glavna,Kolašin,19.08.2026 07:50,11.70,88.0,0.00,0.70,4,,217.6,909.9
02NIKS10,glavna,Nikšić,19.08.2026 07:50,18.90,54.0,0.00,1.30,32,,261.1,940.7
02PDGR10,glavna,Podgorica,19.08.2026 07:50,24.70,45.0,0.00,1.80,30,,212.1,1006.4
02PLJV10,glavna,Pljevlja,19.08.2026 07:50,11.50,80.0,0.00,0.80,18,,255.8,926.9
02ULCN10,glavna,Ulcinj,19.08.2026 07:50,25.30,52.0,0.00,2.40,6,,240.6,1011.7
02ZBLJ10,glavna,Žabljak,19.08.2026 07:50,13.30,62.0,0.00,0.60,32,,264.5,856.5
02BIST20,klimatološka,Bistrica,19.08.2026 07:00,8.70,97.3,0.00,0.10,32,0.20,59.8,
02BOAN30,klimatološka,Boan,19.08.2026 07:00,7.62,100.0,,,,,,
02BPLJ20,klimatološka,Bijelo Polje,19.08.2026 07:00,11.11,99.9,,,,,52.85,948.17
02BUDV20,klimatološka,Budva,19.08.2026 07:00,24.34,76.7,,,,,62.59,1010.56
02CRKV30,klimatološka,Crkvice,19.08.2026 07:00,16.41,94.9,,,,,,
02DANL20,klimatološka,Danilovgrad,19.08.2026 07:00,18.00,,,,,,,
02DDOB30,klimatološka,Donja Dobrilovina,19.08.2026 07:00,9.55,100.0,,,,,,
02GOBU30,klimatološka,Gornja Bukovica,19.08.2026 07:00,6.13,100.0,,,,,,
02GRAD30,klimatološka,Gradac,19.08.2026 07:00,7.05,100.0,,,,,,
02IVKO30,klimatološka,Ivanova korita,19.08.2026 07:00,14.28,83.7,0.00,,,,,
02KOSA30,klimatološka,Kosanica,19.08.2026 07:00,3.75,100.0,,,,,,
02KOVR30,klimatološka,Kovren,19.08.2026 07:00,13.42,100.0,0.00,,,,,
02KUKO30,klimatološka,Kučka korita,19.08.2026 07:00,12.16,89.3,0.00,,,,,
02LKOT20,klimatološka,Luka Kotor,19.08.2026 07:21,22.60,73.0,,0.00,,0.60,,1014.8
02MAMO30,klimatološka,Manastir Morača,19.08.2026 07:00,12.61,100.0,,,,,,
02MATE30,klimatološka,Matesevo,19.08.2026 07:00,8.43,98.2,0.00,,,,,
02MOKR30,klimatološka,Mokro,19.08.2026 07:00,7.58,96.7,,,,,,
02NJGV30,klimatološka,Njegovuđa,19.08.2026 07:00,7.04,100.0,,,,,,
02PLZN20,klimatološka,Pluzine,19.08.2026 07:00,12.99,100.0,0.00,0.60,26,1.20,0.0,932.4
02POSC30,klimatološka,Pošćenje,19.08.2026 07:00,8.58,100.0,,,,,,
02STAB30,klimatološka,Stabna,19.08.2026 07:00,11.70,90.7,,,,,,
02STIT30,klimatološka,Štitarica,19.08.2026 07:00,8.62,100.0,,,,,,
02UBLI20,klimatološka,Ubli,19.08.2026 07:00,19.77,,,,,,,
02VELK30,klimatološka,Velika,19.08.2026 07:00,11.00,100.0,,,,,,
02VELM20,klimatološka,Velimlje,19.08.2026 07:00,11.80,87.7,0.00,0.10,26,0.20,62.7,
02VIRP20,klimatološka,Virpazar,19.08.2026 07:00,18.50,85.0,0.00,,,,,
02BAR010,glavna,Bar,19.08.2026 09:50,27.20,64.0,0.00,1.00,20,,537.2,1011.9
02BERA20,glavna,Berane,19.08.2026 09:00,17.75,75.4,0.00,1.00,20,2.40,,937.47
02CTNJ10,glavna,Cetinje,19.08.2026 09:50,27.20,46.0,0.00,0.60,16,1.90,554.2,941.2
02HNOV10,glavna,Herceg Novi,19.08.2026 09:50,29.30,55.0,0.00,1.80,8,,539.3,1007.9
02KOLS10,glavna,Kolašin,19.08.2026 09:50,18.50,61.0,0.00,0.80,32,,612.5,909.6
02NIKS10,glavna,Nikšić,19.08.2026 09:50,25.40,35.0,0.00,0.40,22,,592.4,940.7
02PDGR10,glavna,Podgorica,19.08.2026 09:50,29.10,35.0,0.00,2.10,4,,591.2,1006.6
02PLJV10,glavna,Pljevlja,19.08.2026 09:50,19.00,52.0,0.00,0.70,12,,604.2,926.7
02ULCN10,glavna,Ulcinj,19.08.2026 09:50,31.40,41.0,0.00,4.30,8,,609.7,1012.0
02ZBLJ10,glavna,Žabljak,19.08.2026 09:50,20.80,36.0,0.00,1.40,30,,621.2,856.9
02BIST20,klimatološka,Bistrica,19.08.2026 09:00,14.40,79.5,0.00,0.60,6,0.90,70.1,
02BOAN30,klimatološka,Boan,19.08.2026 09:00,17.90,62.5,,,,,,
02BPLJ20,klimatološka,Bijelo Polje,19.08.2026 09:00,15.50,83.6,,,,,85.05,947.87
02BUDV20,klimatološka,Budva,19.08.2026 09:00,27.59,64.1,,,,,141.87,1011.09
02CRKV30,klimatološka,Crkvice,19.08.2026 09:00,22.24,74.1,,,,,,
02DANL20,klimatološka,Danilovgrad,19.08.2026 09:00,24.10,,,,,,,
02DDOB30,klimatološka,Donja Dobrilovina,19.08.2026 09:00,15.91,84.9,,,,,,
02GOBU30,klimatološka,Gornja Bukovica,19.08.2026 09:00,20.07,48.6,,,,,,
02GRAD30,klimatološka,Gradac,19.08.2026 09:00,13.79,88.8,,,,,,
02IVKO30,klimatološka,Ivanova korita,19.08.2026 09:00,22.39,45.1,0.00,,,,,
02KOSA30,klimatološka,Kosanica,19.08.2026 09:00,20.10,59.2,,,,,,
02KOVR30,klimatološka,Kovren,19.08.2026 09:00,17.34,93.0,0.00,,,,,
02KUKO30,klimatološka,Kučka korita,19.08.2026 09:00,21.56,42.2,0.00,,,,,
02LKOT20,klimatološka,Luka Kotor,19.08.2026 09:26,25.70,67.0,,1.60,,2.00,,1015.3
02MAMO30,klimatološka,Manastir Morača,19.08.2026 09:00,21.46,73.7,,,,,,
02MATE30,klimatološka,Matesevo,19.08.2026 09:00,16.38,72.4,0.00,,,,,
02MOKR30,klimatološka,Mokro,19.08.2026 09:00,17.80,63.0,,,,,,
02NJGV30,klimatološka,Njegovuđa,19.08.2026 09:00,18.93,52.9,,,,,,
02PLZN20,klimatološka,Pluzine,19.08.2026 09:00,19.00,69.1,0.00,0.60,4,1.20,0.0,932.28
02POSC30,klimatološka,Pošćenje,19.08.2026 09:00,17.88,61.7,,,,,,
02STAB30,klimatološka,Stabna,19.08.2026 09:00,19.20,50.7,,,,,,
02STIT30,klimatološka,Štitarica,19.08.2026 09:00,16.61,82.3,,,,,,
02UBLI20,klimatološka,Ubli,19.08.2026 09:00,24.61,,,,,,,
02VELK30,klimatološka,Velika,19.08.2026 09:00,21.37,72.5,,,,,,
02VELM20,klimatološka,Velimlje,19.08.2026 09:00,19.30,59.1,0.00,0.70,18,1.00,143.7,
02VIRP20,klimatološka,Virpazar,19.08.2026 09:00,26.80,55.0,0.00,,,,,
02BAR010,glavna,Bar,19.08.2026 11:40,28.40,69.0,0.00,1.40,22,,782.6,1012.3
02BERA20,glavna,Berane,19.08.2026 11:00,25.05,51.0,0.00,0.70,20,2.20,,937.18
02CTNJ10,glavna,Cetinje,19.08.2026 11:40,30.00,31.0,0.00,0.60,10,,829.2,941.3
02HNOV10,glavna,Herceg Novi,19.08.2026 11:40,30.70,61.0,0.00,0.80,8,,813.8,1008.2
02KOLS10,glavna,Kolašin,19.08.2026 11:40,27.10,28.0,0.00,2.00,2,3.30,818.0,909.2
02NIKS10,glavna,Nikšić,19.08.2026 11:40,30.50,21.0,0.00,2.80,18,,835.4,940.5
02PDGR10,glavna,Podgorica,19.08.2026 11:40,32.10,29.0,0.00,1.50,2,,797.4,1006.3
02PLJV10,glavna,Pljevlja,19.08.2026 11:40,26.30,28.0,0.00,1.30,16,,809.0,926.2
02ULCN10,glavna,Ulcinj,19.08.2026 11:40,30.70,48.0,0.00,5.20,22,,777.4,1012.2
02ZBLJ10,glavna,Žabljak,19.08.2026 11:40,22.50,32.0,0.00,1.00,28,,854.7,857.2
02BIST20,klimatološka,Bistrica,19.08.2026 11:00,22.70,47.4,0.00,0.90,4,2.00,835.9,
02BOAN30,klimatološka,Boan,19.08.2026 11:00,26.11,34.7,,,,,,
02BPLJ20,klimatološka,Bijelo Polje,19.08.2026 11:00,22.93,59.9,,,,,806.14,947.46
02BUDV20,klimatološka,Budva,19.08.2026 11:00,29.50,65.2,,,,,757.22,1011.74
02CRKV30,klimatološka,Crkvice,19.08.2026 11:00,25.37,57.1,,,,,,
02DANL20,klimatološka,Danilovgrad,19.08.2026 11:00,30.70,,,,,,,
02DDOB30,klimatološka,Donja Dobrilovina,19.08.2026 11:00,23.66,51.7,,,,,,
02GOBU30,klimatološka,Gornja Bukovica,19.08.2026 11:00,23.12,39.9,,,,,,
02GRAD30,klimatološka,Gradac,19.08.2026 11:00,25.61,39.1,,,,,,
02IVKO30,klimatološka,Ivanova korita,19.08.2026 11:00,22.83,61.6,0.00,,,,,
02KOSA30,klimatološka,Kosanica,19.08.2026 11:00,24.43,46.9,,,,,,
02KUKO30,klimatološka,Kučka korita,19.08.2026 11:00,23.10,49.9,0.00,,,,,
02LKOT20,klimatološka,Luka Kotor,19.08.2026 11:11,28.40,53.0,,1.50,,2.50,,1015.3
02MAMO30,klimatološka,Manastir Morača,19.08.2026 11:00,30.25,34.7,,,,,,
02MATE30,klimatološka,Matesevo,19.08.2026 11:00,25.42,42.0,0.00,,,,,
02MOKR30,klimatološka,Mokro,19.08.2026 11:00,25.27,37.0,,,,,,
02NJGV30,klimatološka,Njegovuđa,19.08.2026 11:00,23.01,40.6,,,,,,
02PLZN20,klimatološka,Pluzine,19.08.2026 11:00,24.00,54.4,0.00,1.10,2,2.10,0.0,931.51
02POSC30,klimatološka,Pošćenje,19.08.2026 11:00,26.70,37.1,,,,,,
02STAB30,klimatološka,Stabna,19.08.2026 11:00,25.93,39.7,,,,,,
02STIT30,klimatološka,Štitarica,19.08.2026 11:00,23.51,57.4,,,,,,
02UBLI20,klimatološka,Ubli,19.08.2026 11:00,27.81,,,,,,,
02VELK30,klimatološka,Velika,19.08.2026 11:00,26.76,49.6,,,,,,
02VELM20,klimatološka,Velimlje,19.08.2026 11:00,28.20,32.6,0.00,0.70,32,1.30,779.1,
02VIRP20,klimatološka,Virpazar,19.08.2026 11:00,30.30,43.0,0.00,,,,,
02BAR010,glavna,Bar,19.08.2026 12:40,29.30,67.0,0.00,3.10,26,,819.4,1012.2
02BERA20,glavna,Berane,19.08.2026 12:00,27.84,32.7,0.00,0.50,32,1.80,,936.66
02CTNJ10,glavna,Cetinje,19.08.2026 12:40,30.80,31.0,0.00,0.50,10,,899.5,941.3
02HNOV10,glavna,Herceg Novi,19.08.2026 12:40,31.60,55.0,0.00,2.20,8,4.40,874.1,1008.1
02KOLS10,glavna,Kolašin,19.08.2026 12:40,28.10,27.0,0.00,1.70,22,4.10,838.4,909.0
02NIKS10,glavna,Nikšić,19.08.2026 12:40,31.00,23.0,0.00,4.60,12,,881.0,940.1
02PDGR10,glavna,Podgorica,19.08.2026 12:40,33.30,26.0,0.00,2.80,14,,853.9,1005.9
02PLJV10,glavna,Pljevlja,19.08.2026 12:40,28.40,26.0,0.00,1.90,18,,852.5,925.8
02ULCN10,glavna,Ulcinj,19.08.2026 12:40,32.00,45.0,0.00,3.40,22,,891.8,1011.7
02ZBLJ10,glavna,Žabljak,19.08.2026 12:40,23.80,31.0,0.00,1.10,26,,907.1,857.4
02BIST20,klimatološka,Bistrica,19.08.2026 12:00,26.40,41.1,0.00,3.10,2,5.00,882.3,
02BOAN30,klimatološka,Boan,19.08.2026 12:00,28.09,31.5,,,,,,
02BPLJ20,klimatološka,Bijelo Polje,19.08.2026 12:00,26.20,47.9,,,,,888.67,946.79
02BUDV20,klimatološka,Budva,19.08.2026 12:00,30.49,61.2,,,,,865.74,1011.83
02CRKV30,klimatološka,Crkvice,19.08.2026 12:00,25.15,57.9,,,,,,
02DANL20,klimatološka,Danilovgrad,19.08.2026 12:00,33.80,,,,,,,
02DDOB30,klimatološka,Donja Dobrilovina,19.08.2026 12:00,26.68,43.6,,,,,,
02GOBU30,klimatološka,Gornja Bukovica,19.08.2026 12:00,24.36,37.7,,,,,,
02GRAD30,klimatološka,Gradac,19.08.2026 12:00,29.13,30.3,,,,,,
02IVKO30,klimatološka,Ivanova korita,19.08.2026 12:00,23.03,65.9,0.00,,,,,
02KOSA30,klimatološka,Kosanica,19.08.2026 12:00,25.89,43.9,,,,,,
02KOVR30,klimatološka,Kovren,19.08.2026 12:00,25.02,49.1,0.00,,,,,
02KUKO30,klimatološka,Kučka korita,19.08.2026 12:00,22.78,49.3,0.00,,,,,
02LKOT20,klimatološka,Luka Kotor,19.08.2026 12:16,30.20,55.0,,1.00,,3.40,,1015.3
02MAMO30,klimatološka,Manastir Morača,19.08.2026 12:00,31.29,29.1,,,,,,
02MATE30,klimatološka,Matesevo,19.08.2026 12:00,27.73,35.3,0.00,,,,,
02MOKR30,klimatološka,Mokro,19.08.2026 12:00,26.70,31.7,,,,,,
02NJGV30,klimatološka,Njegovuđa,19.08.2026 12:00,24.01,39.4,,,,,,
02PLZN20,klimatološka,Pluzine,19.08.2026 12:00,27.09,40.8,0.00,1.20,2,3.20,0.0,930.97
02POSC30,klimatološka,Pošćenje,19.08.2026 12:00,27.80,32.3,,,,,,
02STAB30,klimatološka,Stabna,19.08.2026 12:00,28.34,32.4,,,,,,
02STIT30,klimatološka,Štitarica,19.08.2026 12:00,25.78,51.5,,,,,,
02UBLI20,klimatološka,Ubli,19.08.2026 12:00,29.36,,,,,,,
02VELK30,klimatološka,Velika,19.08.2026 12:00,28.35,49.4,,,,,,
02VELM20,klimatološka,Velimlje,19.08.2026 12:00,29.20,29.8,0.00,2.90,24,4.10,827.8,
02VIRP20,klimatološka,Virpazar,19.08.2026 12:00,31.60,37.0,0.00,,,,,
02BAR010,glavna,Bar,19.08.2026 13:40,29.80,66.0,0.00,3.40,26,,818.4,1012.0
02BERA20,glavna,Berane,19.08.2026 13:00,29.62,34.0,0.00,0.80,6,2.40,,936.23
02CTNJ10,glavna,Cetinje,19.08.2026 13:40,31.40,32.0,0.00,0.50,10,,769.4,941.1
02HNOV10,glavna,Herceg Novi,19.08.2026 13:40,32.30,47.0,0.00,2.60,22,,831.6,1007.8
02KOLS10,glavna,Kolašin,19.08.2026 13:40,29.00,28.0,0.00,2.20,10,,873.7,908.9
02NIKS10,glavna,Nikšić,19.08.2026 13:40,31.70,24.0,0.00,4.50,18,,858.2,939.8
02PDGR10,glavna,Podgorica,19.08.2026 13:40,34.30,25.0,0.00,1.90,14,,834.8,1005.5
02PLJV10,glavna,Pljevlja,19.08.2026 13:40,29.60,24.0,0.00,3.10,18,,837.0,925.5
02ULCN10,glavna,Ulcinj,19.08.2026 13:40,32.40,40.0,0.00,4.30,24,,871.0,1011.5
02ZBLJ10,glavna,Žabljak,19.08.2026 13:30,24.60,30.0,0.00,1.60,26,,916.9,857.4
02BIST20,klimatološka,Bistrica,19.08.2026 13:00,28.40,27.6,0.00,3.30,2,7.00,891.8,
02BOAN30,klimatološka,Boan,19.08.2026 13:00,28.52,31.7,,,,,,
02BPLJ20,klimatološka,Bijelo Polje,19.08.2026 13:00,28.66,46.9,,,,,907.48,946.3
02BUDV20,klimatološka,Budva,19.08.2026 13:00,31.02,56.2,,,,,893.71,1011.69
02CRKV30,klimatološka,Crkvice,19.08.2026 13:00,26.41,76.7,,,,,,
02DANL20,klimatološka,Danilovgrad,19.08.2026 13:00,36.00,,,,,,,
02DDOB30,klimatološka,Donja Dobrilovina,19.08.2026 13:00,29.31,33.3,,,,,,
02GOBU30,klimatološka,Gornja Bukovica,19.08.2026 13:00,25.16,37.7,,,,,,
02GRAD30,klimatološka,Gradac,19.08.2026 13:00,30.12,28.9,,,,,,
02IVKO30,klimatološka,Ivanova korita,19.08.2026 13:00,24.48,63.3,0.00,,,,,
02KOSA30,klimatološka,Kosanica,19.08.2026 13:00,26.15,45.2,,,,,,
02KUKO30,klimatološka,Kučka korita,19.08.2026 13:00,23.44,46.6,0.00,,,,,
02LKOT20,klimatološka,Luka Kotor,19.08.2026 13:16,30.60,54.0,,2.40,,7.10,,1015.1
02MAMO30,klimatološka,Manastir Morača,19.08.2026 13:00,34.47,23.7,,,,,,
02MATE30,klimatološka,Matesevo,19.08.2026 13:00,28.04,33.2,0.00,,,,,
02MOKR30,klimatološka,Mokro,19.08.2026 13:00,28.63,29.3,,,,,,
02NJGV30,klimatološka,Njegovuđa,19.08.2026 13:00,24.67,36.3,,,,,,
02POSC30,klimatološka,Pošćenje,19.08.2026 13:00,30.61,31.1,,,,,,
02STAB30,klimatološka,Stabna,19.08.2026 13:00,30.23,29.8,,,,,,
02STIT30,klimatološka,Štitarica,19.08.2026 13:00,27.22,41.9,,,,,,
02UBLI20,klimatološka,Ubli,19.08.2026 13:00,30.60,,,,,,,
02VELK30,klimatološka,Velika,19.08.2026 13:00,30.12,39.4,,,,,,
02VELM20,klimatološka,Velimlje,19.08.2026 13:00,29.90,28.7,0.00,1.90,26,3.90,858.3,
02VIRP20,klimatološka,Virpazar,19.08.2026 13:00,32.30,38.0,0.00,,,,,
02BAR010,glavna,Bar,19.08.2026 15:50,30.30,69.0,0.00,3.80,24,,608.2,1011.6
02BERA20,glavna,Berane,19.08.2026 15:00,32.24,27.3,0.00,1.80,30,5.50,,935.62
02CTNJ10,glavna,Cetinje,19.08.2026 15:50,30.80,36.0,0.00,0.30,14,,585.8,940.7
02HNOV10,glavna,Herceg Novi,19.08.2026 15:50,33.90,46.0,0.00,2.90,22,,597.6,1007.3
02KOLS10,glavna,Kolašin,19.08.2026 15:50,30.30,30.0,0.00,0.10,22,,510.0,908.3
02NIKS10,glavna,Nikšić,19.08.2026 15:50,31.60,27.0,0.00,5.50,16,,141.2,939.5
02PDGR10,glavna,Podgorica,19.08.2026 15:50,36.00,18.0,0.00,3.60,16,,600.9,1004.7
02PLJV10,glavna,Pljevlja,19.08.2026 15:50,30.60,23.0,0.00,0.90,14,,613.9,924.8
02ULCN10,glavna,Ulcinj,19.08.2026 15:50,32.20,41.0,0.00,2.70,26,,609.2,1010.9
02ZBLJ10,glavna,Žabljak,19.08.2026 15:50,25.20,29.0,0.00,1.00,26,,392.4,857.1
02BIST20,klimatološka,Bistrica,19.08.2026 15:00,30.60,25.8,0.00,2.90,4,4.20,750.8,
02BOAN30,klimatološka,Boan,19.08.2026 15:00,29.47,30.3,,,,,,
02BPLJ20,klimatološka,Bijelo Polje,19.08.2026 15:00,31.42,32.1,,,,,798.91,945.41
02BUDV20,klimatološka,Budva,19.08.2026 15:00,31.54,58.9,,,,,751.57,1011.05
02CRKV30,klimatološka,Crkvice,19.08.2026 15:00,24.07,88.0,,,,,,
02DANL20,klimatološka,Danilovgrad,19.08.2026 15:00,37.10,,,,,,,
02DDOB30,klimatološka,Donja Dobrilovina,19.08.2026 15:00,30.52,29.9,,,,,,
02GOBU30,klimatološka,Gornja Bukovica,19.08.2026 15:00,25.16,38.8,,,,,,
02GRAD30,klimatološka,Gradac,19.08.2026 15:00,32.05,28.1,,,,,,
02IVKO30,klimatološka,Ivanova korita,19.08.2026 15:00,25.18,51.8,0.00,,,,,
02KOSA30,klimatološka,Kosanica,19.08.2026 15:00,27.24,42.5,,,,,,
02KOVR30,klimatološka,Kovren,19.08.2026 15:00,27.97,39.6,0.00,,,,,
02KUKO30,klimatološka,Kučka korita,19.08.2026 15:00,24.66,46.0,0.00,,,,,
02LKOT20,klimatološka,Luka Kotor,19.08.2026 15:26,31.60,49.0,,1.10,,2.50,,1014.6
02MAMO30,klimatološka,Manastir Morača,19.08.2026 15:00,35.42,23.6,,,,,,
02MATE30,klimatološka,Matesevo,19.08.2026 15:00,29.23,30.1,0.00,,,,,
02MOKR30,klimatološka,Mokro,19.08.2026 15:00,27.65,29.1,,,,,,
02NJGV30,klimatološka,Njegovuđa,19.08.2026 15:00,25.10,37.0,,,,,,
02POSC30,klimatološka,Pošćenje,19.08.2026 15:00,30.55,28.4,,,,,,
02STAB30,klimatološka,Stabna,19.08.2026 15:00,30.14,31.2,,,,,,
02STIT30,klimatološka,Štitarica,19.08.2026 15:00,28.17,40.4,,,,,,
02UBLI20,klimatološka,Ubli,19.08.2026 15:00,32.15,,,,,,,
02VELK30,klimatološka,Velika,19.08.2026 15:00,29.56,34.9,,,,,,
02VELM20,klimatološka,Velimlje,19.08.2026 15:00,29.00,39.1,0.00,4.20,20,6.90,265.2,
02VIRP20,klimatološka,Virpazar,19.08.2026 15:00,34.00,34.0,0.00,,,,,
